"Date","18578829","18578755","18578703","18578683","18578621","18578705","18578689","18578681","18578675","18578635","18578617","18578619","18578615","18578555","18578515","18578623","18578537","18578591","18578609","18578613","18580123","18578643","18578657","18578659"
2016-01-01,26.7666666666667,25.3733333333333,11.9833333333333,11.3695833333333,8.14041666666667,13.2,12.88125,12.3791666666667,11.62375,11.40375,10.8691666666667,10.2383333333333,9.62916666666667,4.71,4.19916666666667,2.81375,1.98291666666667,4.75791666666667,3.805,3.13666666666667,2.95291666666667,2.6925,1.83375,1.005
2016-01-02,22.5695833333333,21.4020833333333,10.0454166666667,9.52791666666667,6.81166666666667,11.1979166666667,10.9275,10.505,9.86666666666667,9.6825,9.23416666666667,8.70375,8.18791666666667,3.9875,3.55333333333333,2.36916666666667,1.66833333333333,4.06375,3.2525,2.6775,2.52083333333333,2.3,1.565,0.8575
2016-01-03,19.26625,18.2783333333333,8.54291666666667,8.10458333333333,5.79125,9.605,9.37708333333333,9.01375,8.46833333333333,8.31333333333333,7.93125,7.48125,7.04333333333333,3.42,3.04791666666667,2.02291666666667,1.42291666666667,3.50583333333333,2.8075,2.31125,2.17458333333333,1.98583333333333,1.35208333333333,0.739583333333333
2016-01-04,16.66875,15.8166666666667,7.37166666666667,6.99333333333333,5.00291666666667,8.33833333333333,8.14125,7.82791666666667,7.355,7.22,6.895,6.50916666666667,6.13625,2.97541666666667,2.65083333333333,1.74958333333333,1.22958333333333,3.06458333333333,2.45333333333333,2.01875,1.89958333333333,1.735,1.1825,0.64625
2016-01-05,14.6179166666667,13.8754166666667,6.45,6.12291666666667,4.38333333333333,7.33625,7.16041666666667,6.8875,6.47208333333333,6.35291666666667,6.07291666666667,5.73791666666667,5.41416666666667,2.6225,2.33625,1.53791666666667,1.08041666666667,2.71166666666667,2.17041666666667,1.78625,1.68125,1.53583333333333,1.04583333333333,0.571666666666667
2016-01-06,12.9779166666667,12.3225,5.71791666666667,5.43083333333333,3.88916666666667,6.52541666666667,6.37041666666667,6.12791666666667,5.75833333333333,5.65416666666667,5.40916666666667,5.11333333333333,4.83041666666667,2.3375,2.07958333333333,1.36833333333333,0.961666666666667,2.4225,1.94125,1.59583333333333,1.50291666666667,1.37375,0.935833333333333,0.511666666666667
2016-01-07,11.64,11.0529166666667,5.12375,4.86708333333333,3.48708333333333,5.86291666666667,5.72458333333333,5.50833333333333,5.175,5.08125,4.86458333333333,4.6025,4.34791666666667,2.10208333333333,1.8725,1.23041666666667,0.864166666666667,2.18375,1.74958333333333,1.43875,1.35416666666667,1.23666666666667,0.844583333333333,0.46125
2016-01-08,10.53375,10.0058333333333,4.63416666666667,4.40375,3.15416666666667,5.31458333333333,5.18708333333333,4.99166666666667,4.69041666666667,4.60625,4.41208333333333,4.17375,3.94625,1.90625,1.69791666666667,1.11416666666667,0.782916666666667,1.98375,1.58916666666667,1.30541666666667,1.23,1.12458333333333,0.7675,0.419166666666667
2016-01-09,9.71708333333333,9.23583333333333,4.27291666666667,4.04916666666667,2.94125,4.97791666666667,4.835,4.62666666666667,4.29916666666667,4.21916666666667,4.05041666666667,3.83833333333333,3.70541666666667,1.84875,1.66083333333333,1.09541666666667,0.785416666666667,1.99208333333333,1.59708333333333,1.28166666666667,1.2175,1.12541666666667,0.809583333333333,0.444166666666667
2016-01-10,10.5295833333333,10.01375,4.62083333333333,4.37958333333333,3.1475,5.2775,5.16041666666667,4.97708333333333,4.71875,4.64791666666667,4.46833333333333,4.24208333333333,3.9425,1.82208333333333,1.58458333333333,0.995416666666667,0.6875,1.87958333333333,1.50416666666667,1.25,1.16375,1.04583333333333,0.66375,0.363333333333333
2016-01-11,8.31416666666667,7.89125,3.65041666666667,3.47125,2.49625,4.19708333333333,4.09583333333333,3.94125,3.70041666666667,3.6325,3.47916666666667,3.29541666666667,3.12958333333333,1.51375,1.35041666666667,0.887083333333333,0.624166666666667,1.58166666666667,1.26791666666667,1.04166666666667,0.980833333333333,0.898333333333333,0.614166666666667,0.335416666666667
2016-01-12,7.88125,7.49416666666667,3.48708333333333,3.32208333333333,2.39666666666667,3.97875,3.885,3.74083333333333,3.51,3.44791666666667,3.315,3.14583333333333,2.99458333333333,1.45,1.2925,0.852083333333333,0.599166666666667,1.515,1.215,0.998333333333333,0.940416666666667,0.860833333333333,0.589166666666667,0.322083333333333
2016-01-13,7.5725,7.2,3.35541666666667,3.19708333333333,2.30625,3.81791666666667,3.72791666666667,3.58916666666667,3.36791666666667,3.30833333333333,3.18083333333333,3.0175,2.87125,1.39,1.23916666666667,0.81875,0.57625,1.45375,1.16541666666667,0.9575,0.9025,0.82625,0.564583333333333,0.3075
2016-01-14,7.26708333333333,6.90958333333333,3.2225,3.06958333333333,2.21416666666667,3.66125,3.57458333333333,3.44166666666667,3.22916666666667,3.17208333333333,3.04916666666667,2.89208333333333,2.75,1.33208333333333,1.18708333333333,0.785,0.551666666666667,1.39208333333333,1.11666666666667,0.916666666666667,0.864166666666667,0.792083333333333,0.540833333333333,0.295
2016-01-15,6.96583333333333,6.62291666666667,3.09583333333333,2.95041666666667,2.1325,3.50541666666667,3.42125,3.29458333333333,3.09166666666667,3.0375,2.91958333333333,2.77083333333333,2.63416666666667,1.27666666666667,1.13916666666667,0.753333333333333,0.53,1.33083333333333,1.06541666666667,0.874166666666667,0.825,0.755416666666667,0.516666666666667,0.282916666666667
2016-01-16,6.66,6.33041666666667,2.95333333333333,2.80958333333333,2.02291666666667,3.34916666666667,3.27125,3.14916666666667,2.95458333333333,2.9025,2.78791666666667,2.64375,2.5125,1.21541666666667,1.08291666666667,0.715416666666667,0.504166666666667,1.27125,1.01875,0.836666666666667,0.78875,0.722916666666667,0.493333333333333,0.269166666666667
2016-01-17,6.3525,6.04083333333333,2.81583333333333,2.68208333333333,1.935,3.19958333333333,3.12458333333333,3.00833333333333,2.82208333333333,2.77375,2.665,2.5275,2.40333333333333,1.16375,1.03791666666667,0.685,0.4825,1.21541666666667,0.974583333333333,0.800833333333333,0.754583333333333,0.69125,0.4725,0.2575
2016-01-18,6.085,5.785,2.69791666666667,2.57041666666667,1.855,3.065,2.99208333333333,2.88041666666667,2.70375,2.65666666666667,2.55333333333333,2.42166666666667,2.30416666666667,1.11541666666667,0.994166666666667,0.65625,0.4625,1.165,0.933333333333333,0.767083333333333,0.7225,0.662083333333333,0.452916666666667,0.247083333333333
2016-01-19,5.835,5.54708333333333,2.58708333333333,2.46375,1.77708333333333,2.94,2.87,2.76291666666667,2.59375,2.54791666666667,2.44833333333333,2.3225,2.20916666666667,1.06958333333333,0.953333333333333,0.629166666666667,0.443333333333333,1.11708333333333,0.895416666666667,0.735833333333333,0.693333333333333,0.635,0.434583333333333,0.237083333333333
2016-01-20,5.595,5.32,2.48,2.3625,1.70416666666667,2.82,2.75166666666667,2.65,2.48708333333333,2.44375,2.34916666666667,2.2275,2.11791666666667,1.02416666666667,0.912916666666667,0.60125,0.425,1.07208333333333,0.859166666666667,0.705416666666667,0.665,0.609583333333333,0.417083333333333,0.229583333333333
2016-01-21,5.42583333333333,5.16666666666667,2.41416666666667,2.29833333333333,1.68041666666667,2.76916666666667,2.6775,2.57083333333333,2.39125,2.3525,2.28625,2.19541666666667,2.295,1.16583333333333,1.08291666666667,0.655833333333333,0.474166666666667,1.54958333333333,1.20208333333333,0.885416666666667,0.868333333333333,0.82375,0.65125,0.33875
2016-01-22,23.6791666666667,23.0966666666667,9.53291666666667,9.21791666666667,6.64208333333333,13.6816666666667,13.3720833333333,12.9829166666667,12.43125,12.27125,12.24625,11.9908333333333,11.5816666666667,4.86208333333333,4.0875,2.44208333333333,1.73958333333333,6.23791666666667,4.91208333333333,3.90166666666667,3.685,3.35791666666667,2.16416666666667,1.27791666666667
2016-01-23,7.97833333333333,7.39958333333333,3.325,3.1475,2.27291666666667,3.91583333333333,3.80375,3.60875,3.37375,3.29166666666667,3.01458333333333,2.81041666666667,2.70416666666667,1.36583333333333,1.23708333333333,0.858333333333333,0.612083333333333,1.41041666666667,1.14,0.945,0.89625,0.817083333333333,0.572083333333333,0.314583333333333
2016-01-24,9.09958333333333,8.7125,4.32125,4.18541666666667,3.15458333333333,4.47458333333333,4.36791666666667,4.22041666666667,3.9275,3.86166666666667,3.79875,3.64625,3.61416666666667,1.82916666666667,1.64875,1.13083333333333,0.80375,1.82833333333333,1.47708333333333,1.22958333333333,1.16541666666667,1.06375,0.734583333333333,0.40625
2016-01-25,10.8108333333333,10.3079166666667,5.03666666666667,4.83416666666667,3.56791666666667,5.29458333333333,5.16708333333333,4.9825,4.65791666666667,4.57541666666667,4.43791666666667,4.22083333333333,4.095,2.05875,1.84958333333333,1.25125,0.887083333333333,2.03791666666667,1.6425,1.3675,1.29541666666667,1.18083333333333,0.812083333333333,0.446666666666667
2016-01-26,12.1783333333333,11.6904166666667,5.66166666666667,5.46833333333333,4.07,6.14625,5.90833333333333,5.70708333333333,5.33125,5.27458333333333,5.31291666666667,5.22791666666667,5.29125,2.5925,2.25375,1.50208333333333,1.11041666666667,2.71791666666667,2.22708333333333,1.7875,1.70375,1.54958333333333,1.03833333333333,0.583333333333333
2016-01-27,13.0770833333333,12.3895833333333,5.66541666666667,5.35875,3.81833333333333,6.59083333333333,6.4325,6.17,5.8125,5.69291666666667,5.31125,4.90791666666667,4.47416666666667,2.20125,1.9725,1.31833333333333,0.934583333333333,2.19791666666667,1.7675,1.47041666666667,1.39208333333333,1.27166666666667,0.875,0.480833333333333
2016-01-28,12.5429166666667,11.95125,5.7425,5.51,4.04916666666667,6.22541666666667,6.07833333333333,5.86166666666667,5.4825,5.38625,5.22166666666667,4.97125,4.81833333333333,2.39916666666667,2.15333333333333,1.43666666666667,1.01791666666667,2.4225,1.95083333333333,1.62416666666667,1.53833333333333,1.40541666666667,0.966666666666667,0.530416666666667
2016-01-29,13.14875,12.5120833333333,5.94708333333333,5.685,4.13875,6.55,6.39416666666667,6.16416666666667,5.77583333333333,5.67333333333333,5.47208333333333,5.19416666666667,4.98833333333333,2.46416666666667,2.20625,1.4625,1.03375,2.49708333333333,2.00916666666667,1.67416666666667,1.58416666666667,1.44708333333333,0.989583333333333,0.54
2016-01-30,12.95875,12.3216666666667,5.8075,5.53875,4.00958333333333,6.47625,6.32416666666667,6.09416666666667,5.71583333333333,5.61166666666667,5.395,5.11083333333333,4.88125,2.39791666666667,2.14583333333333,1.4125,0.997916666666667,2.44083333333333,1.9625,1.63208333333333,1.54333333333333,1.41,0.965,0.52875
2016-01-31,12.33,11.7204166666667,5.49291666666667,5.23166666666667,3.77583333333333,6.18,6.035,5.81333333333333,5.45708333333333,5.35958333333333,5.14333333333333,4.86833333333333,4.635,2.27041666666667,2.02833333333333,1.33041666666667,0.93875,2.31666666666667,1.86125,1.54666666666667,1.46083333333333,1.33458333333333,0.91375,0.499166666666667
2016-02-01,11.53625,10.96375,5.11833333333333,4.87291666666667,3.50916666666667,5.795,5.66,5.45208333333333,5.12041666666667,5.02833333333333,4.82166666666667,4.56416666666667,4.33666666666667,2.11875,1.89291666666667,1.23791666666667,0.8725,2.16791666666667,1.74041666666667,1.445,1.36458333333333,1.24708333333333,0.854166666666667,0.466666666666667
2016-02-02,10.7270833333333,10.1954166666667,4.75,4.52375,3.25833333333333,5.39833333333333,5.27333333333333,5.07875,4.76666666666667,4.6825,4.48875,4.25416666666667,4.0375,1.96916666666667,1.755,1.15416666666667,0.80875,2.02375,1.62166666666667,1.34208333333333,1.26958333333333,1.15875,0.792916666666667,0.43875
2016-02-03,63.5979166666667,61.39875,32.3379166666667,31.1283333333333,21.5620833333333,29.2979166666667,28.5241666666667,27.4766666666667,26.1379166666667,25.7220833333333,25.4516666666667,24.4704166666667,22.7845833333333,11.045,9.36,7.7025,5.5075,10.8154166666667,8.71375,7.00625,6.60416666666667,5.99041666666667,3.86208333333333,2.12458333333333
2016-02-04,15.5666666666667,14.3875,6.69833333333333,6.30416666666667,4.62916666666667,7.35208333333333,7.13458333333333,6.76958333333333,6.32375,6.16541666666667,5.63458333333333,5.2225,4.97291666666667,2.50625,2.26125,1.55125,1.10708333333333,2.54125,2.04833333333333,1.69541666666667,1.60708333333333,1.46958333333333,1.01375,0.561666666666667
2016-02-05,16.58625,15.7420833333333,7.96125,7.64541666666667,5.81416666666667,7.82833333333333,7.62916666666667,7.34916666666667,6.84458333333333,6.71916666666667,6.5175,6.17416666666667,5.99166666666667,2.99833333333333,2.69416666666667,1.82875,1.3,2.9975,2.41458333333333,2.00291666666667,1.895,1.725,1.17333333333333,0.650416666666667
2016-02-06,17.29625,16.37625,8.11583333333333,7.74,5.7625,8.21875,8.01375,7.70708333333333,7.20291666666667,7.06541666666667,6.78791666666667,6.3975,6.11625,3.0375,2.72125,1.82458333333333,1.29416666666667,3.03458333333333,2.44083333333333,2.02375,1.91166666666667,1.73958333333333,1.17916666666667,0.65125
2016-02-07,16.4083333333333,15.5320833333333,7.57458333333333,7.20541666666667,5.3075,7.89125,7.69416666666667,7.39916666666667,6.92625,6.79375,6.50333333333333,6.12541666666667,5.82166666666667,2.875,2.57166666666667,1.70875,1.20916666666667,2.88375,2.31833333333333,1.92125,1.81291666666667,1.64958333333333,1.1175,0.61375
2016-02-08,15.065,14.265,6.87375,6.535,4.78458333333333,7.31666666666667,7.135,6.86166666666667,6.42833333333333,6.3075,6.03208333333333,5.68208333333333,5.38666666666667,2.64916666666667,2.36791666666667,1.565,1.10625,2.67208333333333,2.14583333333333,1.77625,1.675,1.52541666666667,1.03375,0.567083333333333
2016-02-09,13.6941666666667,12.9708333333333,6.19791666666667,5.89083333333333,4.29583333333333,6.70125,6.53791666666667,6.28666666666667,5.89333333333333,5.7825,5.53208333333333,5.21291666666667,4.93666666666667,2.41916666666667,2.16125,1.42291666666667,1.00458333333333,2.45416666666667,1.97041666666667,1.62916666666667,1.53625,1.4,0.949166666666667,0.519583333333333
2016-02-10,12.4295833333333,11.7775,5.59083333333333,5.31333333333333,3.86458333333333,6.12083333333333,5.97208333333333,5.74291666666667,5.38625,5.285,5.05666666666667,4.76916666666667,4.515,2.20583333333333,1.96875,1.29208333333333,0.912083333333333,2.25083333333333,1.80666666666667,1.4925,1.40625,1.2825,0.869583333333333,0.475833333333333
2016-02-11,11.305,10.7166666666667,5.06166666666667,4.81208333333333,3.49125,5.59458333333333,5.46083333333333,5.2525,4.92666666666667,4.83541666666667,4.6275,4.36625,4.13125,2.01333333333333,1.79708333333333,1.17791666666667,0.83,2.06375,1.65625,1.36708333333333,1.28791666666667,1.17541666666667,0.797083333333333,0.435833333333333
2016-02-12,10.3191666666667,9.78458333333333,4.60666666666667,4.37875,3.17333333333333,5.12416666666667,5.00125,4.81083333333333,4.51458333333333,4.43166666666667,4.24083333333333,4.0025,3.78833333333333,1.84416666666667,1.64583333333333,1.07666666666667,0.759583333333333,1.89333333333333,1.51916666666667,1.25416666666667,1.18083333333333,1.07875,0.7325,0.400833333333333
2016-02-13,9.45541666666667,8.97,4.21208333333333,4.00416666666667,2.89875,4.70833333333333,4.595,4.42125,4.14958333333333,4.07333333333333,3.9,3.68291666666667,3.48708333333333,1.69708333333333,1.515,0.988333333333333,0.69625,1.74458333333333,1.39916666666667,1.15375,1.08666666666667,0.993333333333333,0.675833333333333,0.369583333333333
2016-02-14,8.71041666666667,8.265,3.8725,3.68166666666667,2.66333333333333,4.34791666666667,4.245,4.08458333333333,3.83416666666667,3.76375,3.60583333333333,3.40666666666667,3.22541666666667,1.57,1.39916666666667,0.912083333333333,0.643333333333333,1.615,1.29583333333333,1.06833333333333,1.00625,0.92,0.62625,0.341666666666667
2016-02-15,8.78291666666667,8.41125,3.97625,3.805,2.94583333333333,4.59708333333333,4.40166666666667,4.14916666666667,3.75958333333333,3.69541666666667,3.67875,3.66916666666667,4.145,2.21208333333333,1.97666666666667,1.23583333333333,0.9075,2.77875,2.2825,1.73375,1.6825,1.58583333333333,1.19291666666667,0.6525
2016-02-16,14.1191666666667,13.50125,5.83708333333333,5.50375,3.88,7.43875,7.31083333333333,7.09583333333333,6.84291666666667,6.75916666666667,6.48666666666667,6.10208333333333,5.21958333333333,2.07333333333333,1.73583333333333,1.08,0.74,2.23,1.77333333333333,1.51208333333333,1.37625,1.20333333333333,0.665,0.371666666666667
2016-02-17,8.63416666666667,8.18208333333333,3.92916666666667,3.77666666666667,2.81958333333333,4.2575,4.15,3.98916666666667,3.72,3.64958333333333,3.52458333333333,3.35833333333333,3.27083333333333,1.62125,1.45541666666667,0.992916666666667,0.704166666666667,1.6725,1.345,1.10958333333333,1.04833333333333,0.957083333333333,0.65625,0.360416666666667
2016-02-18,9.64708333333333,9.17333333333333,4.47208333333333,4.28958333333333,3.1825,4.72166666666667,4.60416666666667,4.43541666666667,4.13958333333333,4.06625,3.945,3.75541666666667,3.63708333333333,1.79958333333333,1.6125,1.10125,0.777916666666667,1.84041666666667,1.47708333333333,1.22083333333333,1.15375,1.0525,0.718333333333333,0.392916666666667
2016-02-19,10.2079166666667,9.69083333333333,4.69375,4.48666666666667,3.295,4.98791666666667,4.86541666666667,4.68333333333333,4.3775,4.29875,4.14666666666667,3.93458333333333,3.7775,1.86458333333333,1.6675,1.13208333333333,0.8,1.89625,1.52083333333333,1.25708333333333,1.1875,1.08416666666667,0.739166666666667,0.4
2016-02-20,10.20125,9.68,4.65916666666667,4.44291666666667,3.2425,4.99583333333333,4.87333333333333,4.69,4.38916666666667,4.30958333333333,4.14333333333333,3.92291666666667,3.74791666666667,1.84416666666667,1.64833333333333,1.11458333333333,0.785416666666667,1.87416666666667,1.50166666666667,1.24083333333333,1.17166666666667,1.07,0.728333333333333,0.397916666666667
2016-02-21,9.89708333333333,9.39041666666667,4.50208333333333,4.29291666666667,3.13125,4.85833333333333,4.73958333333333,4.56,4.27041666666667,4.1925,4.02875,3.81625,3.64083333333333,1.79333333333333,1.6025,1.07833333333333,0.76125,1.81666666666667,1.455,1.19958333333333,1.1325,1.035,0.70375,0.385833333333333
2016-02-22,9.49666666666667,9.00958333333333,4.29875,4.08958333333333,2.97041666666667,4.675,4.55916666666667,4.38708333333333,4.1125,4.03958333333333,3.88,3.67916666666667,3.50666666666667,1.72416666666667,1.53916666666667,1.01791666666667,0.717916666666667,1.75208333333333,1.40333333333333,1.15458333333333,1.08958333333333,0.995833333333333,0.67625,0.371666666666667
2016-02-23,9.0325,8.56833333333333,4.06791666666667,3.87125,2.80583333333333,4.4625,4.35416666666667,4.18666666666667,3.92791666666667,3.85708333333333,3.69541666666667,3.48958333333333,3.29958333333333,1.61333333333333,1.44125,0.967916666666667,0.680833333333333,1.64833333333333,1.32041666666667,1.08625,1.025,0.936666666666667,0.635833333333333,0.3525
2016-02-24,10.3658333333333,9.88666666666667,4.52833333333333,4.2975,3.13708333333333,5.35666666666667,5.2175,5.02208333333333,4.71708333333333,4.64708333333333,4.51416666666667,4.31625,4.13541666666667,1.96583333333333,1.72791666666667,1.08666666666667,0.765833333333333,2.13583333333333,1.70875,1.38916666666667,1.31208333333333,1.19416666666667,0.805416666666667,0.44875
2016-02-25,9.125,8.65041666666667,4.125,3.94625,2.895,4.51416666666667,4.40125,4.23083333333333,3.955,3.88333333333333,3.74166666666667,3.56,3.44208333333333,1.70625,1.52958333333333,1.03416666666667,0.729166666666667,1.74375,1.3975,1.15166666666667,1.08833333333333,0.994166666666667,0.682083333333333,0.372916666666667
2016-02-26,9.715,9.23583333333333,4.42708333333333,4.23375,3.09791666666667,4.81666666666667,4.69875,4.52583333333333,4.23125,4.15625,4.02791666666667,3.8375,3.70625,1.83458333333333,1.64208333333333,1.105,0.77875,1.8675,1.495,1.23291666666667,1.16416666666667,1.06416666666667,0.729166666666667,0.397083333333333
2016-02-27,10.0666666666667,9.56208333333333,4.5475,4.33625,3.15041666666667,5.00041666666667,4.87958333333333,4.69583333333333,4.3975,4.32083333333333,4.16875,3.96125,3.79875,1.87458333333333,1.67666666666667,1.11958333333333,0.789166666666667,1.90541666666667,1.525,1.25791666666667,1.18708333333333,1.085,0.74,0.407083333333333
2016-02-28,9.98416666666667,9.47791666666667,4.48041666666667,4.26625,3.0825,4.97125,4.85041666666667,4.67,4.37625,4.2975,4.13708333333333,3.92375,3.74625,1.84333333333333,1.6475,1.09666666666667,0.770833333333333,1.87208333333333,1.4975,1.23583333333333,1.16541666666667,1.06625,0.73,0.397916666666667
2016-02-29,9.63458333333333,9.14666666666667,4.30416666666667,4.09458333333333,2.95083333333333,4.80708333333333,4.69208333333333,4.51666666666667,4.23625,4.16083333333333,3.99708333333333,3.78833333333333,3.60625,1.77125,1.58166666666667,1.04875,0.736666666666667,1.79916666666667,1.43875,1.1875,1.11916666666667,1.02333333333333,0.70125,0.383333333333333
2016-03-01,9.35541666666667,8.9075,4.19333333333333,4.00791666666667,2.94125,4.72666666666667,4.59708333333333,4.40958333333333,4.10375,4.03708333333333,3.95583333333333,3.85875,4.02541666666667,2.02541666666667,1.8075,1.11083333333333,0.7875,2.27,1.82833333333333,1.49375,1.42333333333333,1.3125,0.920416666666667,0.50125
2016-03-02,10.4570833333333,9.97208333333333,4.31041666666667,4.0625,2.86125,5.57875,5.46875,5.29458333333333,5.03875,4.96208333333333,4.73083333333333,4.41458333333333,3.86125,1.72416666666667,1.50916666666667,0.949166666666667,0.664166666666667,1.78541666666667,1.41916666666667,1.17708333333333,1.09791666666667,0.99625,0.659583333333333,0.365
2016-03-03,8.68875,8.27208333333333,3.84541666666667,3.67166666666667,2.66708333333333,4.42958333333333,4.32083333333333,4.16666666666667,3.89583333333333,3.83875,3.75375,3.62625,3.54958333333333,1.69625,1.48791666666667,0.9675,0.681666666666667,1.84166666666667,1.48833333333333,1.21208333333333,1.14083333333333,1.04166666666667,0.715833333333333,0.387083333333333
2016-03-04,8.74791666666667,8.30666666666667,3.73041666666667,3.53916666666667,2.52166666666667,4.52875,4.42166666666667,4.25541666666667,3.99958333333333,3.9275,3.74416666666667,3.53125,3.33291666666667,1.59791666666667,1.42875,0.921666666666667,0.64625,1.71208333333333,1.37708333333333,1.14041666666667,1.0775,0.987083333333333,0.6825,0.372083333333333
2016-03-05,8.51583333333333,8.10583333333333,3.66458333333333,3.49291666666667,2.50875,4.4325,4.33166666666667,4.18125,3.92041666666667,3.855,3.73541666666667,3.56416666666667,3.43458333333333,1.63291666666667,1.46125,0.93,0.65,1.79083333333333,1.44375,1.19791666666667,1.13333333333333,1.03875,0.71875,0.389166666666667
2016-03-06,8.5925,8.17791666666667,3.64958333333333,3.47625,2.48625,4.51375,4.41208333333333,4.25666666666667,3.99541666666667,3.92958333333333,3.79833333333333,3.62166666666667,3.47541666666667,1.63833333333333,1.46625,0.9275,0.649166666666667,1.81625,1.465,1.2175,1.15,1.05625,0.729583333333333,0.398333333333333
2016-03-07,8.485,8.07333333333333,3.57791666666667,3.40375,2.42708333333333,4.47375,4.37291666666667,4.22125,3.96333333333333,3.89666666666667,3.76041666666667,3.57875,3.42125,1.60833333333333,1.43583333333333,0.90625,0.634166666666667,1.78583333333333,1.44,1.19708333333333,1.13125,1.03791666666667,0.715416666666667,0.387916666666667
2016-03-08,8.2225,7.82166666666667,3.45583333333333,3.28666666666667,2.33916666666667,4.33791666666667,4.24125,4.09208333333333,3.84416666666667,3.78,3.64125,3.46208333333333,3.30125,1.55083333333333,1.38416666666667,0.872083333333333,0.610416666666667,1.71916666666667,1.38541666666667,1.15083333333333,1.08833333333333,0.997916666666667,0.687916666666667,0.37375
2016-03-09,7.8575,7.47458333333333,3.30291666666667,3.13916666666667,2.23208333333333,4.1425,4.04958333333333,3.90708333333333,3.67083333333333,3.60958333333333,3.47375,3.29958333333333,3.14041666666667,1.47708333333333,1.31791666666667,0.83,0.580833333333333,1.63,1.31291666666667,1.09083333333333,1.03041666666667,0.945833333333333,0.651666666666667,0.35375
2016-03-10,7.4825,7.12208333333333,3.15375,2.99375,2.14125,3.96541666666667,3.86625,3.72291666666667,3.48083333333333,3.42083333333333,3.29375,3.1275,3.00125,1.44458333333333,1.30208333333333,0.8275,0.591666666666667,1.615,1.30208333333333,1.06625,1.0125,0.93375,0.670833333333333,0.367916666666667
2016-03-11,9.23416666666667,8.85916666666667,3.74708333333333,3.54291666666667,2.53,5.07833333333333,4.96166666666667,4.80041666666667,4.55416666666667,4.50125,4.3975,4.23041666666667,4.0175,1.76583333333333,1.52791666666667,0.885,0.6175,2.11791666666667,1.7125,1.40791666666667,1.32875,1.2075,0.782083333333333,0.430833333333333
2016-03-12,7.15583333333333,6.77833333333333,2.96958333333333,2.82458333333333,2.015,3.76791666666667,3.67833333333333,3.54166666666667,3.32166666666667,3.26208333333333,3.12458333333333,2.97208333333333,2.85666666666667,1.3525,1.21125,0.766666666666667,0.537916666666667,1.51,1.21833333333333,1.01083333333333,0.958333333333333,0.879583333333333,0.61125,0.331666666666667
2016-03-13,7.67,7.32125,3.23125,3.08125,2.22166666666667,4.10083333333333,4.00166666666667,3.86666666666667,3.62458333333333,3.57166666666667,3.48583333333333,3.34625,3.235,1.50916666666667,1.34208333333333,0.831666666666667,0.585833333333333,1.71791666666667,1.39083333333333,1.14875,1.08541666666667,0.994166666666667,0.677916666666667,0.372083333333333
2016-03-14,7.94958333333333,7.58,3.36458333333333,3.21791666666667,2.33958333333333,4.23541666666667,4.13541666666667,3.9925,3.73791666666667,3.68375,3.60083333333333,3.46541666666667,3.375,1.58916666666667,1.41875,0.893333333333333,0.6275,1.7975,1.45458333333333,1.20208333333333,1.14041666666667,1.0475,0.722916666666667,0.399583333333333
2016-03-15,8.56791666666667,8.15375,3.57708333333333,3.4075,2.43041666666667,4.56958333333333,4.46666666666667,4.315,4.0425,3.97791666666667,3.85125,3.67875,3.54458333333333,1.65375,1.47916666666667,0.935,0.655833333333333,1.88875,1.5275,1.27166666666667,1.205,1.10541666666667,0.765,0.413333333333333
2016-03-16,8.94083333333333,8.51416666666667,3.75375,3.58666666666667,2.5725,4.76083333333333,4.65375,4.49541666666667,4.21458333333333,4.14666666666667,4.02208333333333,3.84083333333333,3.70083333333333,1.73541666666667,1.55041666666667,0.9825,0.6875,1.95166666666667,1.57708333333333,1.31208333333333,1.2425,1.14,0.787916666666667,0.4275
2016-03-17,9.12916666666667,8.68916666666667,3.84416666666667,3.66583333333333,2.62041666666667,4.83,4.72125,4.55708333333333,4.27583333333333,4.20708333333333,4.06583333333333,3.87208333333333,3.70875,1.74458333333333,1.55666666666667,0.987083333333333,0.69,1.93875,1.5625,1.30041666666667,1.22958333333333,1.12791666666667,0.77625,0.419583333333333
2016-03-18,8.98291666666667,8.545,3.79291666666667,3.6125,2.5775,4.72541666666667,4.61791666666667,4.45541666666667,4.185,4.11625,3.96583333333333,3.77166666666667,3.59666666666667,1.69708333333333,1.515,0.959583333333333,0.673333333333333,1.86666666666667,1.50291666666667,1.24916666666667,1.18083333333333,1.08291666666667,0.745833333333333,0.404166666666667
2016-03-19,8.6275,8.20458333333333,3.655,3.4775,2.47833333333333,4.515,4.415,4.25958333333333,4.00208333333333,3.93625,3.78708333333333,3.59625,3.42208333333333,1.61833333333333,1.44416666666667,0.916666666666667,0.643333333333333,1.7675,1.4225,1.18083333333333,1.11416666666667,1.02333333333333,0.70375,0.381666666666667
2016-03-20,8.18583333333333,7.78375,3.4775,3.30666666666667,2.35708333333333,4.27291666666667,4.175,4.025,3.78541666666667,3.72166666666667,3.57791666666667,3.39708333333333,3.2275,1.52958333333333,1.365,0.866666666666667,0.60875,1.66291666666667,1.33791666666667,1.10916666666667,1.04708333333333,0.96,0.660416666666667,0.35875
2016-03-21,7.725,7.345,3.28875,3.1275,2.22916666666667,4.02458333333333,3.935,3.79083333333333,3.56291666666667,3.50375,3.36666666666667,3.19541666666667,3.035,1.43833333333333,1.28208333333333,0.816666666666667,0.57375,1.56125,1.25458333333333,1.04041666666667,0.981666666666667,0.9,0.618333333333333,0.335833333333333
2016-03-22,7.26666666666667,6.90791666666667,3.09916666666667,2.94583333333333,2.10083333333333,3.775,3.69125,3.5575,3.34375,3.28791666666667,3.15833333333333,2.99625,2.84333333333333,1.34958333333333,1.20333333333333,0.767083333333333,0.538333333333333,1.46,1.17333333333333,0.97125,0.917083333333333,0.840833333333333,0.576666666666667,0.31375
2016-03-23,6.815,6.47958333333333,2.91291666666667,2.76875,1.97458333333333,3.535,3.45583333333333,3.33,3.13041666666667,3.07875,2.95583333333333,2.80375,2.65958333333333,1.26458333333333,1.12666666666667,0.71875,0.505416666666667,1.36208333333333,1.09458333333333,0.905416666666667,0.855,0.784166666666667,0.538333333333333,0.292916666666667
2016-03-24,6.50375,6.19875,2.81208333333333,2.68416666666667,1.93916666666667,3.38125,3.30125,3.18458333333333,2.98541666666667,2.94083333333333,2.85833333333333,2.7475,2.66833333333333,1.27208333333333,1.13083333333333,0.707916666666667,0.503333333333333,1.385,1.11333333333333,0.917083333333333,0.864166666666667,0.79,0.541666666666667,0.298333333333333
2016-03-25,6.30875,5.99291666666667,2.6575,2.51333333333333,1.76958333333333,3.28875,3.21333333333333,3.09458333333333,2.91875,2.8675,2.7225,2.55625,2.36458333333333,1.11833333333333,0.994166666666667,0.635,0.447083333333333,1.19666666666667,0.960833333333333,0.794583333333333,0.749583333333333,0.687916666666667,0.4725,0.256666666666667
2016-03-26,5.67708333333333,5.39958333333333,2.43708333333333,2.31833333333333,1.65583333333333,2.9375,2.87,2.76625,2.60041666666667,2.55583333333333,2.45666666666667,2.33166666666667,2.215,1.05708333333333,0.943333333333333,0.602083333333333,0.422916666666667,1.13333333333333,0.909583333333333,0.7525,0.71,0.65125,0.448333333333333,0.244583333333333
2016-03-27,5.38166666666667,5.12083333333333,2.31291666666667,2.20125,1.57291666666667,2.78541666666667,2.72125,2.62333333333333,2.46666666666667,2.42666666666667,2.3325,2.21458333333333,2.10458333333333,1.00625,0.897916666666667,0.571666666666667,0.4025,1.07625,0.86375,0.714583333333333,0.674583333333333,0.61875,0.427083333333333,0.2325
2016-03-28,5.125,4.87875,2.20416666666667,2.0975,1.49916666666667,2.655,2.595,2.50208333333333,2.35291666666667,2.31416666666667,2.22583333333333,2.11375,2.01166666666667,0.96125,0.8575,0.545416666666667,0.384166666666667,1.02875,0.825416666666667,0.683333333333333,0.645,0.591666666666667,0.407916666666667,0.2225
2016-03-29,4.89416666666667,4.65916666666667,2.1025,2.00125,1.42958333333333,2.53625,2.47958333333333,2.39125,2.2475,2.21083333333333,2.12625,2.02041666666667,1.92166666666667,0.919166666666667,0.820416666666667,0.520833333333333,0.36625,0.982083333333333,0.787916666666667,0.6525,0.615833333333333,0.565,0.390416666666667,0.212916666666667
2016-03-30,4.67333333333333,4.44916666666667,2.00666666666667,1.90958333333333,1.36458333333333,2.42291666666667,2.36833333333333,2.28375,2.14791666666667,2.11291666666667,2.0325,1.93,1.83625,0.87875,0.784166666666667,0.4975,0.349583333333333,0.9375,0.752083333333333,0.622916666666667,0.587916666666667,0.540416666666667,0.373333333333333,0.20375
2016-03-31,8.56083333333333,9.07291666666667,3.25666666666667,3.27458333333333,2.6175,6.63458333333333,6.63,6.80041666666667,6.50791666666667,6.62958333333333,7.82208333333333,8.42416666666667,9.30208333333333,3.54666666666667,3.04208333333333,1.085,0.80375,5.97291666666667,4.9675,4.20291666666667,3.99041666666667,3.67291666666667,2.61166666666667,1.50541666666667
2016-04-01,17.8533333333333,16.54125,5.57416666666667,5.12375,3.345,10.1491666666667,9.83166666666667,9.16708333333333,8.81333333333333,8.57375,7.2,6.22875,4.83791666666667,2.16791666666667,1.79125,1.18166666666667,0.86875,2.35833333333333,1.91458333333333,1.60916666666667,1.51333333333333,1.36458333333333,0.911666666666667,0.51375
2016-04-02,5.6675,5.33708333333333,2.22958333333333,2.12125,1.49291666666667,3.05208333333333,2.98125,2.87208333333333,2.69708333333333,2.65166666666667,2.53375,2.42791666666667,2.40166666666667,1.13791666666667,1.03583333333333,0.607916666666667,0.432083333333333,1.31708333333333,1.07291666666667,0.90875,0.861666666666667,0.787916666666667,0.555416666666667,0.309583333333333
2016-04-03,6.26416666666667,6.01708333333333,2.51208333333333,2.42166666666667,1.735,3.54125,3.47125,3.37916666666667,3.17791666666667,3.13625,3.08875,2.98125,2.94166666666667,1.37666666666667,1.24708333333333,0.709583333333333,0.504583333333333,1.58875,1.2925,1.09833333333333,1.04416666666667,0.952083333333333,0.664583333333333,0.37125
2016-04-04,7.0325,6.735,2.76,2.64708333333333,1.87833333333333,3.98541666666667,3.90625,3.79583333333333,3.5775,3.52666666666667,3.435,3.29125,3.19416666666667,1.48875,1.345,0.758333333333333,0.5375,1.70125,1.38041666666667,1.1725,1.11333333333333,1.01541666666667,0.70625,0.39125
2016-04-05,7.29125,6.96708333333333,2.84958333333333,2.72416666666667,1.92416666666667,4.10833333333333,4.02708333333333,3.90791666666667,3.68708333333333,3.62916666666667,3.51583333333333,3.35333333333333,3.22541666666667,1.50708333333333,1.35791666666667,0.76875,0.544166666666667,1.70291666666667,1.37666666666667,1.1675,1.1075,1.01333333333333,0.700833333333333,0.388333333333333
2016-04-06,7.2525,6.92375,2.8475,2.71791666666667,1.91666666666667,4.06291666666667,3.97833333333333,3.85666666666667,3.63708333333333,3.58125,3.4575,3.29291666666667,3.15416666666667,1.47625,1.33,0.75875,0.539583333333333,1.655,1.33916666666667,1.13208333333333,1.07333333333333,0.980416666666667,0.679166666666667,0.375416666666667
2016-04-07,7.16708333333333,6.83875,2.85333333333333,2.72083333333333,1.92166666666667,3.96416666666667,3.88291666666667,3.75958333333333,3.5475,3.49291666666667,3.36666666666667,3.20541666666667,3.05833333333333,1.43791666666667,1.29166666666667,0.740833333333333,0.524583333333333,1.58708333333333,1.28041666666667,1.07833333333333,1.02166666666667,0.934166666666667,0.6425,0.35625
2016-04-08,6.77625,6.46041666666667,2.69541666666667,2.56833333333333,1.80958333333333,3.74083333333333,3.66291666666667,3.54583333333333,3.34458333333333,3.29125,3.1675,3.01083333333333,2.87125,1.35041666666667,1.21291666666667,0.702083333333333,0.497083333333333,1.49333333333333,1.20458333333333,1.01583333333333,0.96125,0.87875,0.606666666666667,0.33375
2016-04-09,6.48791666666667,6.18541666666667,2.6025,2.48125,1.75208333333333,3.56166666666667,3.48666666666667,3.37458333333333,3.18125,3.13083333333333,3.01333333333333,2.86458333333333,2.73125,1.28833333333333,1.15666666666667,0.675833333333333,0.478333333333333,1.41541666666667,1.14083333333333,0.959583333333333,0.908333333333333,0.830833333333333,0.573333333333333,0.315416666666667
2016-04-10,6.215,5.92625,2.51375,2.39625,1.69583333333333,3.39,3.31875,3.21,3.02666666666667,2.97833333333333,2.86541666666667,2.72375,2.595,1.2275,1.10208333333333,0.648333333333333,0.45875,1.34083333333333,1.07916666666667,0.907083333333333,0.857916666666667,0.784583333333333,0.54125,0.297083333333333
2016-04-11,6.2525,5.98708333333333,2.55791666666667,2.43083333333333,1.81916666666667,3.57875,3.42791666666667,3.24458333333333,2.93083333333333,2.87708333333333,2.82541666666667,2.76583333333333,3.08125,1.685,1.55,0.906666666666667,0.68125,2.20833333333333,1.80458333333333,1.39333333333333,1.36,1.29083333333333,1.03375,0.569166666666667
2016-04-12,13.9179166666667,13.3941666666667,5.46958333333333,5.17333333333333,3.6375,7.75541666666667,7.62,7.40791666666667,7.145,7.08416666666667,6.925,6.6475,5.94541666666667,2.30291666666667,1.905,1.11083333333333,0.768333333333333,2.74125,2.19333333333333,1.865,1.71458333333333,1.51791666666667,0.859166666666667,0.462083333333333
2016-04-13,6.29541666666667,5.93916666666667,2.54041666666667,2.41791666666667,1.71958333333333,3.34416666666667,3.26583333333333,3.14125,2.95416666666667,2.90083333333333,2.75791666666667,2.61583333333333,2.51791666666667,1.20916666666667,1.09041666666667,0.669583333333333,0.474583333333333,1.31583333333333,1.06166666666667,0.890833333333333,0.842916666666667,0.770416666666667,0.533333333333333,0.2925
2016-04-14,6.635,6.345,2.805,2.6925,1.95166666666667,3.56541666666667,3.48333333333333,3.37708333333333,3.1675,3.1225,3.0575,2.94041666666667,2.85958333333333,1.37375,1.23458333333333,0.74875,0.534166666666667,1.48625,1.19791666666667,1,0.947916666666667,0.862916666666667,0.59,0.328333333333333
2016-04-15,7.015,6.675,2.9425,2.81791666666667,2.0275,3.72375,3.64041666666667,3.51708333333333,3.30291666666667,3.2475,3.12958333333333,2.97541666666667,2.86583333333333,1.38041666666667,1.24291666666667,0.773333333333333,0.549583333333333,1.48375,1.19583333333333,1.005,0.9525,0.869166666666667,0.5975,0.326666666666667
2016-04-16,7.31125,6.96416666666667,3.11125,2.98166666666667,2.15083333333333,3.855,3.76875,3.645,3.4225,3.36625,3.26,3.10791666666667,3.00125,1.44666666666667,1.30291666666667,0.8125,0.576666666666667,1.54625,1.24666666666667,1.04375,0.990416666666667,0.903333333333333,0.617916666666667,0.34
2016-04-17,7.53208333333333,7.16708333333333,3.20541666666667,3.06291666666667,2.20208333333333,3.95291666666667,3.86375,3.73416666666667,3.51041666666667,3.45208333333333,3.3325,3.17,3.04333333333333,1.4675,1.3175,0.81875,0.580833333333333,1.55666666666667,1.25583333333333,1.04833333333333,0.99625,0.907916666666667,0.61875,0.339583333333333
2016-04-18,7.46,7.09458333333333,3.17083333333333,3.02416666666667,2.165,3.90333333333333,3.815,3.685,3.465,3.40666666666667,3.27791666666667,3.11166666666667,2.97166666666667,1.43041666666667,1.28375,0.800833333333333,0.56625,1.51416666666667,1.21791666666667,1.01958333333333,0.964583333333333,0.88125,0.6025,0.327916666666667
2016-04-19,7.19458333333333,6.8375,3.0575,2.91333333333333,2.0825,3.75458333333333,3.66916666666667,3.54208333333333,3.33208333333333,3.27583333333333,3.14666666666667,2.98416666666667,2.84166666666667,1.36666666666667,1.225,0.765416666666667,0.54125,1.44458333333333,1.16208333333333,0.972083333333333,0.91875,0.84,0.574166666666667,0.31375
2016-04-20,6.83,6.48916666666667,2.90333333333333,2.76333333333333,1.9725,3.55833333333333,3.4775,3.35541666666667,3.15708333333333,3.10416666666667,2.97833333333333,2.82333333333333,2.68416666666667,1.28833333333333,1.15458333333333,0.721666666666667,0.510833333333333,1.36416666666667,1.09666666666667,0.91625,0.867083333333333,0.793333333333333,0.542083333333333,0.295833333333333
2016-04-21,6.44125,6.11916666666667,2.73958333333333,2.60708333333333,1.8625,3.35208333333333,3.27625,3.16125,2.97416666666667,2.92375,2.80458333333333,2.6575,2.52375,1.21083333333333,1.08416666666667,0.678333333333333,0.480833333333333,1.28375,1.0325,0.8625,0.815,0.74625,0.510416666666667,0.276666666666667
2016-04-22,6.07333333333333,5.7675,2.58625,2.46166666666667,1.75958333333333,3.15416666666667,3.08208333333333,2.97333333333333,2.8,2.75333333333333,2.64083333333333,2.50375,2.37458333333333,1.1375,1.02,0.638333333333333,0.45125,1.20916666666667,0.97125,0.81,0.76625,0.70125,0.48,0.260833333333333
2016-04-23,5.69916666666667,5.41291666666667,2.42666666666667,2.30791666666667,1.64625,2.95875,2.89166666666667,2.78791666666667,2.62458333333333,2.58041666666667,2.47333333333333,2.3425,2.21958333333333,1.06208333333333,0.95,0.59625,0.421666666666667,1.12958333333333,0.90875,0.757916666666667,0.716666666666667,0.65625,0.44875,0.24375
2016-04-24,5.31833333333333,5.04958333333333,2.26375,2.1525,1.53458333333333,2.75916666666667,2.69583333333333,2.59958333333333,2.44666666666667,2.40541666666667,2.30458333333333,2.18291666666667,2.06708333333333,0.9875,0.882916666666667,0.554583333333333,0.392083333333333,1.05333333333333,0.847083333333333,0.7075,0.667916666666667,0.611666666666667,0.419166666666667,0.226666666666667
2016-04-25,4.9425,4.6925,2.10125,1.99625,1.4225,2.56416666666667,2.50541666666667,2.41583333333333,2.27416666666667,2.23541666666667,2.14125,2.02791666666667,1.92,0.913333333333333,0.816666666666667,0.51375,0.362916666666667,0.978333333333333,0.78875,0.657083333333333,0.621666666666667,0.569583333333333,0.39,0.21
2016-04-26,4.57708333333333,4.34333333333333,1.9425,1.84541666666667,1.31333333333333,2.37625,2.32208333333333,2.2375,2.10666666666667,2.07166666666667,1.98375,1.87833333333333,1.77625,0.842916666666667,0.75375,0.474166666666667,0.334583333333333,0.907916666666667,0.732083333333333,0.61125,0.5775,0.53,0.3625,0.19625
2016-04-27,4.23833333333333,4.02166666666667,1.79666666666667,1.705,1.21375,2.20125,2.15083333333333,2.0725,1.95208333333333,1.91833333333333,1.83791666666667,1.73958333333333,1.645,0.778333333333333,0.695833333333333,0.4375,0.309583333333333,0.842916666666667,0.680416666666667,0.567916666666667,0.537083333333333,0.492916666666667,0.3375,0.18
2016-04-28,3.93083333333333,3.73,1.665,1.58083333333333,1.12541666666667,2.0425,1.99625,1.92333333333333,1.8125,1.78208333333333,1.70625,1.61625,1.52875,0.721666666666667,0.645,0.405833333333333,0.28625,0.784583333333333,0.63375,0.529166666666667,0.500416666666667,0.459166666666667,0.314583333333333,0.167916666666667
2016-04-29,3.6975,3.51375,1.5675,1.48375,1.08333333333333,1.98583333333333,1.92416666666667,1.84333333333333,1.69583333333333,1.66166666666667,1.59916666666667,1.51583333333333,1.49,0.764166666666667,0.717083333333333,0.452083333333333,0.339583333333333,0.930416666666667,0.76,0.600833333333333,0.58,0.542916666666667,0.443333333333333,0.24375
2016-04-30,5.91625,5.71,2.445,2.31708333333333,1.69708333333333,3.22291666666667,3.15541666666667,3.06,2.94,2.91708333333333,2.87916666666667,2.77958333333333,2.59625,1.10916666666667,0.92,0.472916666666667,0.339166666666667,1.2175,0.967083333333333,0.823333333333333,0.764583333333333,0.68625,0.384166666666667,0.2
2016-05-01,3.53125,3.29541666666667,1.40875,1.32125,0.92,1.81625,1.77125,1.69041666666667,1.59708333333333,1.56458333333333,1.44583333333333,1.35208333333333,1.25416666666667,0.587083333333333,0.525416666666667,0.33,0.235833333333333,0.649583333333333,0.52625,0.439166666666667,0.415833333333333,0.382083333333333,0.26125,0.14
2016-05-02,3.06708333333333,2.91166666666667,1.30333333333333,1.24458333333333,0.909166666666667,1.60625,1.56416666666667,1.5025,1.4075,1.38375,1.33125,1.26791666666667,1.22875,0.594166666666667,0.534166666666667,0.341666666666667,0.247916666666667,0.652083333333333,0.528333333333333,0.4375,0.413333333333333,0.379583333333333,0.2575,0.135
2016-05-03,3.12625,2.96916666666667,1.34458333333333,1.27125,0.89625,1.60333333333333,1.57041666666667,1.51583333333333,1.4325,1.40916666666667,1.35666666666667,1.2875,1.20166666666667,0.552083333333333,0.4925,0.306666666666667,0.217083333333333,0.60375,0.489583333333333,0.409583333333333,0.38875,0.35625,0.242083333333333,0.13
2016-05-04,2.83458333333333,2.68291666666667,1.19333333333333,1.13583333333333,0.8175,1.47916666666667,1.445,1.39166666666667,1.30625,1.28416666666667,1.23041666666667,1.16708333333333,1.11083333333333,0.525,0.477916666666667,0.3125,0.226666666666667,0.590833333333333,0.4825,0.402083333333333,0.378333333333333,0.346666666666667,0.246666666666667,0.127916666666667
2016-05-05,2.87666666666667,2.73708333333333,1.24208333333333,1.18458333333333,0.8475,1.48458333333333,1.45041666666667,1.39833333333333,1.32,1.29875,1.25416666666667,1.19583333333333,1.13833333333333,0.524583333333333,0.46625,0.288333333333333,0.200833333333333,0.584166666666667,0.472083333333333,0.395416666666667,0.374583333333333,0.34375,0.227916666666667,0.120416666666667
2016-05-06,2.67166666666667,2.52958333333333,1.12708333333333,1.07208333333333,0.76875,1.38791666666667,1.35583333333333,1.30458333333333,1.22875,1.2075,1.15708333333333,1.09791666666667,1.04291666666667,0.487083333333333,0.437083333333333,0.2775,0.197916666666667,0.546666666666667,0.44625,0.370416666666667,0.35,0.322083333333333,0.22,0.118333333333333
2016-05-07,2.56083333333333,2.42666666666667,1.08666666666667,1.03458333333333,0.7425,1.33,1.29916666666667,1.25083333333333,1.17791666666667,1.15916666666667,1.11333333333333,1.05833333333333,1.00583333333333,0.467083333333333,0.418333333333333,0.2675,0.188333333333333,0.52625,0.427916666666667,0.358333333333333,0.338333333333333,0.310833333333333,0.21125,0.11
2016-05-08,2.45625,2.3275,1.04,0.98875,0.70875,1.275,1.245,1.19958333333333,1.13,1.11125,1.06583333333333,1.01208333333333,0.959166666666667,0.445,0.3975,0.255,0.17875,0.504583333333333,0.409583333333333,0.345,0.326666666666667,0.298333333333333,0.20375,0.108333333333333
2016-05-09,2.33708333333333,2.21166666666667,0.987916666666667,0.938333333333333,0.6725,1.21291666666667,1.18458333333333,1.14083333333333,1.07416666666667,1.05583333333333,1.01333333333333,0.962083333333333,0.911666666666667,0.42,0.3775,0.239583333333333,0.17,0.479166666666667,0.39125,0.328333333333333,0.31,0.286666666666667,0.195,0.1
2016-05-10,2.23625,2.11833333333333,0.947083333333333,0.900833333333333,0.6475,1.16125,1.13416666666667,1.09208333333333,1.02916666666667,1.01208333333333,0.9725,0.92375,0.877083333333333,0.405,0.3625,0.228333333333333,0.165416666666667,0.4625,0.3775,0.317083333333333,0.298333333333333,0.276666666666667,0.1875,0.0991666666666667
2016-05-11,2.13,2.015,0.896666666666667,0.85125,0.607916666666667,1.10625,1.08041666666667,1.04,0.980416666666667,0.96375,0.924166666666667,0.87625,0.828333333333333,0.378333333333333,0.34,0.216666666666667,0.155416666666667,0.43625,0.357083333333333,0.29875,0.284583333333333,0.259583333333333,0.1775,0.09
2016-05-12,2.08708333333333,1.96708333333333,0.895,0.857916666666667,0.65125,1.08583333333333,1.05333333333333,1.01208333333333,0.934583333333333,0.915833333333333,0.882083333333333,0.84,0.815,0.388333333333333,0.361666666666667,0.249583333333333,0.185416666666667,0.484166666666667,0.40875,0.3275,0.310833333333333,0.280833333333333,0.218333333333333,0.122083333333333
2016-05-13,2.655,2.53,1.06875,0.98625,0.66375,1.44625,1.40958333333333,1.36625,1.29875,1.28583333333333,1.26958333333333,1.22208333333333,1.15291666666667,0.454166666666667,0.392916666666667,0.221666666666667,0.157083333333333,0.613333333333333,0.494166666666667,0.418333333333333,0.399166666666667,0.367916666666667,0.20625,0.100416666666667
2016-05-14,1.98666666666667,1.85125,0.775,0.731666666666667,0.51875,1.03916666666667,1.01208333333333,0.965,0.911666666666667,0.892083333333333,0.825,0.77,0.7125,0.322083333333333,0.288333333333333,0.18625,0.13,0.378333333333333,0.310416666666667,0.260416666666667,0.248333333333333,0.228333333333333,0.155833333333333,0.08
2016-05-15,1.745,1.64666666666667,0.729166666666667,0.6925,0.498333333333333,0.907916666666667,0.886666666666667,0.853333333333333,0.803333333333333,0.79,0.7575,0.719166666666667,0.681666666666667,0.308333333333333,0.2775,0.178333333333333,0.1275,0.3675,0.3,0.250416666666667,0.24,0.22,0.15,0.08
2016-05-16,1.68083333333333,1.58791666666667,0.705833333333333,0.670833333333333,0.484583333333333,0.875,0.854166666666667,0.821666666666667,0.773333333333333,0.76125,0.731666666666667,0.69625,0.661666666666667,0.29875,0.268333333333333,0.17,0.12,0.357916666666667,0.29125,0.247916666666667,0.230416666666667,0.214583333333333,0.146666666666667,0.0754166666666667
2016-05-17,1.63791666666667,1.54625,0.68875,0.654583333333333,0.472083333333333,0.853333333333333,0.833333333333333,0.802083333333333,0.75375,0.742916666666667,0.712916666666667,0.680416666666667,0.64875,0.29125,0.26125,0.169583333333333,0.120416666666667,0.350416666666667,0.289166666666667,0.24125,0.230416666666667,0.210833333333333,0.14125,0.0708333333333333
2016-05-18,1.60083333333333,1.51041666666667,0.670833333333333,0.6375,0.459166666666667,0.832916666666667,0.813333333333333,0.781666666666667,0.737083333333333,0.724583333333333,0.69625,0.662083333333333,0.62875,0.28,0.250416666666667,0.16,0.117916666666667,0.339583333333333,0.28,0.23625,0.22,0.204583333333333,0.14,0.07
2016-05-19,1.55625,1.46833333333333,0.652083333333333,0.619583333333333,0.44625,0.809583333333333,0.79,0.759583333333333,0.714583333333333,0.703333333333333,0.675833333333333,0.642916666666667,0.610416666666667,0.271666666666667,0.245833333333333,0.157916666666667,0.11,0.32875,0.270833333333333,0.22875,0.2175,0.199583333333333,0.132916666666667,0.07
2016-05-20,1.4975,1.41041666666667,0.623333333333333,0.590833333333333,0.42375,0.778333333333333,0.760416666666667,0.730833333333333,0.687916666666667,0.677083333333333,0.649166666666667,0.616666666666667,0.582916666666667,0.257916666666667,0.230416666666667,0.149583333333333,0.1075,0.3175,0.26,0.219583333333333,0.208333333333333,0.19,0.13,0.0675
2016-05-21,1.43041666666667,1.34666666666667,0.594166666666667,0.562083333333333,0.404583333333333,0.745,0.727083333333333,0.698333333333333,0.657916666666667,0.647916666666667,0.620416666666667,0.589583333333333,0.557916666666667,0.247083333333333,0.21875,0.14,0.1,0.305833333333333,0.249583333333333,0.21,0.199583333333333,0.18375,0.120416666666667,0.06
2016-05-22,1.36291666666667,1.28125,0.562916666666667,0.5325,0.38,0.710416666666667,0.69375,0.66625,0.627916666666667,0.617916666666667,0.591666666666667,0.561666666666667,0.53,0.230833333333333,0.207916666666667,0.13625,0.0970833333333333,0.28875,0.239166666666667,0.200416666666667,0.19,0.177916666666667,0.119166666666667,0.06
2016-05-23,1.29166666666667,1.21333333333333,0.530416666666667,0.501666666666667,0.3575,0.675,0.65875,0.6325,0.59625,0.586666666666667,0.561666666666667,0.532916666666667,0.501666666666667,0.2175,0.196666666666667,0.1275,0.09,0.2775,0.22875,0.191666666666667,0.180833333333333,0.169166666666667,0.11,0.0595833333333333
2016-05-24,1.21875,1.14458333333333,0.497083333333333,0.469583333333333,0.335833333333333,0.63875,0.62375,0.5975,0.56375,0.555,0.530416666666667,0.50375,0.473333333333333,0.204166666666667,0.181666666666667,0.117916666666667,0.08,0.262916666666667,0.218333333333333,0.184583333333333,0.174583333333333,0.16,0.10875,0.05
2016-05-25,1.14791666666667,1.07625,0.465416666666667,0.439583333333333,0.314166666666667,0.603333333333333,0.587916666666667,0.565,0.532083333333333,0.524166666666667,0.500833333333333,0.475,0.4475,0.18875,0.169166666666667,0.109583333333333,0.0791666666666667,0.24875,0.208333333333333,0.176666666666667,0.1675,0.15125,0.1,0.05
2016-05-26,1.08041666666667,1.01208333333333,0.435833333333333,0.41125,0.2925,0.568333333333333,0.555,0.5325,0.502083333333333,0.494166666666667,0.472083333333333,0.447916666666667,0.420416666666667,0.1775,0.157916666666667,0.1,0.07,0.237083333333333,0.197916666666667,0.1675,0.158333333333333,0.147083333333333,0.0983333333333333,0.05
2016-05-27,1.00958333333333,0.945,0.404166666666667,0.380416666666667,0.269583333333333,0.53375,0.520416666666667,0.49875,0.470833333333333,0.463333333333333,0.441666666666667,0.41875,0.3925,0.1625,0.147083333333333,0.09625,0.0683333333333333,0.221666666666667,0.1875,0.158333333333333,0.15,0.139166666666667,0.09,0.0475
2016-05-28,0.944166666666667,0.88375,0.37625,0.354166666666667,0.251666666666667,0.500416666666667,0.488333333333333,0.46875,0.44125,0.435,0.41625,0.394583333333333,0.370833333333333,0.15125,0.137916666666667,0.0895833333333333,0.06,0.210416666666667,0.17875,0.15,0.14,0.13,0.09,0.04
2016-05-29,0.89,0.8325,0.353333333333333,0.332916666666667,0.2375,0.472083333333333,0.460833333333333,0.4425,0.418333333333333,0.41125,0.393333333333333,0.37375,0.350833333333333,0.143333333333333,0.128333333333333,0.08,0.06,0.199583333333333,0.16875,0.141666666666667,0.137083333333333,0.127083333333333,0.0804166666666667,0.04
2016-05-30,0.8325,0.7775,0.327916666666667,0.307916666666667,0.2175,0.442916666666667,0.4325,0.41625,0.3925,0.3875,0.36875,0.349583333333333,0.3275,0.13,0.117916666666667,0.0770833333333333,0.05,0.188333333333333,0.159166666666667,0.136666666666667,0.12875,0.119583333333333,0.08,0.04
2016-05-31,0.787083333333333,0.73125,0.307083333333333,0.28875,0.207083333333333,0.419166666666667,0.409583333333333,0.395416666666667,0.370416666666667,0.362916666666667,0.348333333333333,0.33375,0.324166666666667,0.1275,0.114583333333333,0.075,0.0533333333333333,0.198333333333333,0.165833333333333,0.142083333333333,0.131666666666667,0.120833333333333,0.08125,0.04125
2016-06-01,0.758333333333333,0.7075,0.288333333333333,0.267916666666667,0.186666666666667,0.41125,0.402083333333333,0.388333333333333,0.368333333333333,0.3625,0.3475,0.327916666666667,0.29625,0.110833333333333,0.0991666666666667,0.06625,0.0475,0.169166666666667,0.1425,0.121666666666667,0.116666666666667,0.10875,0.07,0.03
2016-06-02,0.69375,0.644583333333333,0.262916666666667,0.249166666666667,0.179583333333333,0.376666666666667,0.36625,0.35375,0.330833333333333,0.324583333333333,0.309166666666667,0.297916666666667,0.302916666666667,0.119583333333333,0.104583333333333,0.0683333333333333,0.0458333333333333,0.202083333333333,0.176666666666667,0.148333333333333,0.139583333333333,0.127083333333333,0.08875,0.04
2016-06-03,0.702916666666667,0.659583333333333,0.258333333333333,0.239583333333333,0.161666666666667,0.39875,0.390833333333333,0.377083333333333,0.36,0.355416666666667,0.347083333333333,0.330833333333333,0.29125,0.1,0.09,0.0579166666666667,0.04,0.15875,0.135416666666667,0.115833333333333,0.11,0.104166666666667,0.0641666666666667,0.03
2016-06-04,0.635,0.587916666666667,0.230833333333333,0.215833333333333,0.158333333333333,0.352916666666667,0.342916666666667,0.329583333333333,0.3075,0.3025,0.282083333333333,0.266666666666667,0.2575,0.11125,0.0958333333333333,0.0604166666666667,0.0470833333333333,0.180833333333333,0.154166666666667,0.13125,0.120416666666667,0.109583333333333,0.0808333333333333,0.0404166666666667
2016-06-05,0.677916666666667,0.644166666666667,0.26125,0.25,0.18625,0.387083333333333,0.376666666666667,0.36125,0.341666666666667,0.335,0.33625,0.328333333333333,0.321666666666667,0.107916666666667,0.0933333333333333,0.0658333333333333,0.05,0.185833333333333,0.16,0.132083333333333,0.125,0.114583333333333,0.0675,0.0329166666666667
2016-06-06,0.706666666666667,0.654583333333333,0.2675,0.24375,0.158333333333333,0.373333333333333,0.364583333333333,0.352083333333333,0.337083333333333,0.33125,0.313333333333333,0.295416666666667,0.259583333333333,0.0920833333333333,0.0804166666666667,0.0508333333333333,0.03625,0.145416666666667,0.124583333333333,0.105416666666667,0.100416666666667,0.0929166666666667,0.0604166666666667,0.03
2016-06-07,0.567916666666667,0.52625,0.205416666666667,0.189166666666667,0.129166666666667,0.309166666666667,0.302083333333333,0.290416666666667,0.275416666666667,0.27125,0.252083333333333,0.23625,0.215,0.0791666666666667,0.07,0.0470833333333333,0.03,0.13,0.11,0.0979166666666667,0.09,0.0829166666666667,0.0579166666666667,0.03
2016-06-08,0.497083333333333,0.463333333333333,0.183333333333333,0.170833333333333,0.119583333333333,0.275416666666667,0.268333333333333,0.258333333333333,0.244166666666667,0.240416666666667,0.228333333333333,0.21625,0.201666666666667,0.07,0.0670833333333333,0.04,0.03,0.127083333333333,0.11,0.09,0.09,0.08,0.05,0.0266666666666667
2016-06-09,0.46375,0.43125,0.169166666666667,0.158333333333333,0.11,0.2575,0.252916666666667,0.242916666666667,0.22875,0.225416666666667,0.215,0.205,0.19125,0.0691666666666667,0.06,0.04,0.03,0.12,0.1,0.09,0.0808333333333333,0.08,0.05,0.02
2016-06-10,0.438333333333333,0.4075,0.1575,0.147083333333333,0.100833333333333,0.245416666666667,0.239166666666667,0.23,0.2175,0.214583333333333,0.204583333333333,0.195,0.181666666666667,0.06,0.0579166666666667,0.0379166666666667,0.0275,0.1175,0.1,0.0875,0.08,0.0779166666666667,0.05,0.02
2016-06-11,0.414583333333333,0.383333333333333,0.145416666666667,0.135833333333333,0.0975,0.234583333333333,0.227916666666667,0.218333333333333,0.206666666666667,0.20375,0.194166666666667,0.184583333333333,0.171666666666667,0.0595833333333333,0.05,0.0304166666666667,0.0204166666666667,0.110416666666667,0.0991666666666667,0.0804166666666667,0.08,0.0704166666666667,0.05,0.02
2016-06-12,0.389166666666667,0.360416666666667,0.135416666666667,0.125416666666667,0.0883333333333333,0.220833333333333,0.215833333333333,0.207083333333333,0.19625,0.193333333333333,0.184583333333333,0.175416666666667,0.162916666666667,0.05,0.05,0.03,0.02,0.107916666666667,0.09,0.08,0.0766666666666667,0.07,0.04875,0.02
2016-06-13,0.36375,0.337083333333333,0.124583333333333,0.115833333333333,0.08,0.207916666666667,0.204166666666667,0.195833333333333,0.185416666666667,0.182916666666667,0.17375,0.165833333333333,0.154166666666667,0.05,0.0458333333333333,0.03,0.02,0.1,0.09,0.0783333333333333,0.07,0.07,0.04,0.02
2016-06-14,0.343333333333333,0.316666666666667,0.117916666666667,0.11,0.07375,0.19875,0.192916666666667,0.185,0.175416666666667,0.1725,0.16625,0.16,0.149583333333333,0.05125,0.0425,0.0308333333333333,0.0208333333333333,0.1,0.0841666666666667,0.07,0.07,0.0629166666666667,0.04,0.02
2016-06-15,0.329583333333333,0.303333333333333,0.11,0.100416666666667,0.0745833333333333,0.1925,0.188333333333333,0.179583333333333,0.169583333333333,0.165833333333333,0.16,0.150416666666667,0.14125,0.0433333333333333,0.0425,0.0233333333333333,0.0216666666666667,0.0941666666666667,0.0825,0.07125,0.0708333333333333,0.0608333333333333,0.04125,0.0204166666666667
2016-06-16,2.65208333333333,2.59666666666667,0.88125,0.837083333333333,0.596666666666667,1.82666666666667,1.74875,1.67958333333333,1.55333333333333,1.5475,1.69,1.71,1.70958333333333,0.58125,0.469166666666667,0.252083333333333,0.195833333333333,1.09625,0.903333333333333,0.733333333333333,0.682916666666667,0.617916666666667,0.400416666666667,0.192083333333333
2016-06-17,1.155,0.97625,0.214166666666667,0.167083333333333,0.0654166666666667,0.63,0.60625,0.5525,0.538333333333333,0.525,0.3625,0.2775,0.161666666666667,0.0483333333333333,0.0391666666666667,0.0225,0.0204166666666667,0.114583333333333,0.100416666666667,0.0879166666666667,0.0791666666666667,0.075,0.0525,0.025
2016-06-18,0.39625,0.369166666666667,0.113333333333333,0.09875,0.06,0.238333333333333,0.234166666666667,0.226666666666667,0.217083333333333,0.214583333333333,0.190833333333333,0.177083333333333,0.150416666666667,0.04,0.03,0.02,0.01,0.0933333333333333,0.0833333333333333,0.0725,0.0654166666666667,0.0633333333333333,0.04,0.02
2016-06-19,0.305,0.28125,0.09,0.0808333333333333,0.0529166666666667,0.183333333333333,0.179583333333333,0.1725,0.164583333333333,0.162083333333333,0.147083333333333,0.136666666666667,0.120416666666667,0.0341666666666667,0.03,0.02,0.01,0.0845833333333333,0.075,0.06,0.06,0.06,0.04,0.02
2016-06-20,0.267916666666667,0.245,0.08,0.0725,0.05,0.16125,0.15625,0.150833333333333,0.1425,0.14125,0.131666666666667,0.128333333333333,0.12,0.03,0.03,0.02,0.01,0.08,0.07,0.06,0.06,0.06,0.04,0.02
2016-06-21,0.2525,0.229583333333333,0.0745833333333333,0.07,0.0495833333333333,0.15,0.15,0.14,0.134166666666667,0.130833333333333,0.129583333333333,0.12,0.111666666666667,0.03,0.03,0.02,0.01,0.08,0.07,0.06,0.06,0.06,0.0379166666666667,0.0191666666666667
2016-06-22,0.24125,0.21875,0.07,0.0620833333333333,0.04,0.147916666666667,0.140833333333333,0.139166666666667,0.13,0.13,0.12,0.12,0.11,0.03,0.0275,0.01875,0.01,0.08,0.07,0.06,0.06,0.05,0.03,0.01
2016-06-23,0.230416666666667,0.20875,0.065,0.06,0.04,0.14,0.14,0.13,0.125833333333333,0.122083333333333,0.12,0.112083333333333,0.10875,0.03,0.02,0.01,0.01,0.08,0.07,0.06,0.06,0.05,0.03,0.01
2016-06-24,0.219583333333333,0.19875,0.06,0.0545833333333333,0.04,0.137083333333333,0.130416666666667,0.129166666666667,0.12,0.12,0.112083333333333,0.11,0.1,0.02125,0.02,0.01,0.01,0.0775,0.07,0.06,0.05875,0.05,0.03,0.01
2016-06-25,0.209166666666667,0.189166666666667,0.0583333333333333,0.05,0.03625,0.13,0.129166666666667,0.12,0.116666666666667,0.113333333333333,0.11,0.104583333333333,0.1,0.02,0.02,0.01,0.01,0.07,0.0679166666666667,0.06,0.05,0.05,0.03,0.01
2016-06-26,0.210833333333333,0.18875,0.0520833333333333,0.04875,0.0404166666666667,0.137916666666667,0.130416666666667,0.125,0.112916666666667,0.11,0.10625,0.102083333333333,0.102083333333333,0.0275,0.025,0.0175,0.0145833333333333,0.0879166666666667,0.0758333333333333,0.0704166666666667,0.0629166666666667,0.0608333333333333,0.03875,0.0141666666666667
2016-06-27,0.220833333333333,0.200833333333333,0.0575,0.04875,0.0408333333333333,0.144166666666667,0.140416666666667,0.1325,0.125833333333333,0.12375,0.123333333333333,0.12375,0.1375,0.0579166666666667,0.0533333333333333,0.0179166666666667,0.01625,0.125,0.105833333333333,0.0925,0.0870833333333333,0.08,0.0604166666666667,0.0254166666666667
2016-06-28,0.26,0.240416666666667,0.0533333333333333,0.04875,0.0354166666666667,0.1925,0.189166666666667,0.185833333333333,0.179583333333333,0.17875,0.191666666666667,0.195416666666667,0.179166666666667,0.02375,0.0225,0.01,0.01,0.0916666666666667,0.0820833333333333,0.0729166666666667,0.07,0.0666666666666667,0.03,0.01
2016-06-29,0.24,0.22,0.04,0.04,0.03,0.16875,0.166666666666667,0.160416666666667,0.154583333333333,0.15375,0.130833333333333,0.11375,0.08875,0.02,0.0195833333333333,0.01,0.01,0.0675,0.06,0.05,0.05,0.0495833333333333,0.03,0.01
2016-06-30,0.18375,0.165416666666667,0.04,0.03125,0.0208333333333333,0.121666666666667,0.119166666666667,0.115,0.109166666666667,0.107916666666667,0.0966666666666667,0.09125,0.08,0.02,0.01,0.01,0.01,0.06,0.06,0.05,0.05,0.04,0.03,0.01
2016-07-01,0.1625,0.144166666666667,0.0379166666666667,0.03,0.02,0.106666666666667,0.10375,0.1,0.0945833333333333,0.0933333333333333,0.09,0.08375,0.08,0.0179166666666667,0.01,0.01,0.01,0.06,0.0579166666666667,0.05,0.0491666666666667,0.04,0.03,0.01
2016-07-02,0.150416666666667,0.134166666666667,0.03,0.03,0.02,0.1,0.1,0.0925,0.09,0.09,0.0820833333333333,0.08,0.0741666666666667,0.01,0.01,0.01,0.00875,0.06,0.05,0.05,0.04,0.04,0.03,0.01
2016-07-03,0.149583333333333,0.134583333333333,0.0320833333333333,0.0316666666666667,0.0275,0.103333333333333,0.0958333333333333,0.0920833333333333,0.0875,0.0829166666666667,0.08,0.08,0.07375,0.0145833333333333,0.0129166666666667,0.01375,0.00333333333333333,0.065,0.0545833333333333,0.0504166666666667,0.0425,0.0420833333333333,0.0283333333333333,0.0108333333333333
2016-07-04,0.145,0.13125,0.0308333333333333,0.0258333333333333,0.02,0.1,0.0933333333333333,0.09,0.09,0.08875,0.08,0.08,0.0741666666666667,0.01,0.01,0.01,0,0.05625,0.05,0.04,0.04,0.04,0.02,0.01
2016-07-05,0.220416666666667,0.2,0.0433333333333333,0.0425,0.0479166666666667,0.17375,0.1675,0.159166666666667,0.1475,0.144583333333333,0.177083333333333,0.197916666666667,0.23625,0.05625,0.05375,0.0295833333333333,0.01625,0.173333333333333,0.15375,0.127083333333333,0.117916666666667,0.107083333333333,0.06625,0.0391666666666667
2016-07-06,0.24375,0.2275,0.0291666666666667,0.02125,0.02,0.189583333333333,0.187083333333333,0.1825,0.179166666666667,0.177083333333333,0.150416666666667,0.124166666666667,0.0770833333333333,0.01,0.01,0.01,0,0.05,0.05,0.04,0.04,0.04,0.02,0.01
2016-07-07,0.162083333333333,0.147916666666667,0.02,0.02,0.0183333333333333,0.114166666666667,0.111666666666667,0.1075,0.104166666666667,0.10375,0.08625,0.07625,0.0604166666666667,0.01,0.01,0.01,0,0.05,0.05,0.04,0.04,0.04,0.02,0.01
2016-07-08,0.12625,0.113333333333333,0.02,0.02,0.01,0.08625,0.0845833333333333,0.0825,0.0779166666666667,0.0766666666666667,0.07,0.0679166666666667,0.06,0.01,0.01,0.00625,0,0.05,0.0466666666666667,0.04,0.04,0.0375,0.02,0.01
2016-07-09,0.1125,0.1,0.02,0.02,0.01,0.08,0.0770833333333333,0.07125,0.07,0.07,0.0645833333333333,0.06,0.06,0.01,0.01,0,0,0.05,0.04,0.04,0.04,0.0304166666666667,0.02,0.01
2016-07-10,0.287916666666667,0.2575,0.0654166666666667,0.05,0.0475,0.190416666666667,0.175,0.173333333333333,0.138333333333333,0.13375,0.15125,0.159583333333333,0.185,0.0433333333333333,0.0308333333333333,0.03875,0.0258333333333333,0.148333333333333,0.136666666666667,0.111666666666667,0.105,0.0941666666666667,0.0495833333333333,0.0175
2016-07-11,0.198333333333333,0.184166666666667,0.0229166666666667,0.0216666666666667,0.01375,0.153333333333333,0.150833333333333,0.147083333333333,0.1425,0.142083333333333,0.120833333333333,0.1025,0.0695833333333333,0.01375,0.0120833333333333,0.0025,0.00125,0.0479166666666667,0.0420833333333333,0.0404166666666667,0.0325,0.03125,0.0208333333333333,0.0104166666666667
2016-07-12,0.139583333333333,0.127083333333333,0.0216666666666667,0.0175,0.0108333333333333,0.0991666666666667,0.0970833333333333,0.0933333333333333,0.09125,0.0904166666666667,0.0770833333333333,0.0679166666666667,0.0554166666666667,0.01,0.01,0,0,0.0408333333333333,0.0404166666666667,0.0383333333333333,0.0304166666666667,0.0304166666666667,0.02,0.01
2016-07-13,0.106666666666667,0.0954166666666667,0.02,0.01,0.01,0.0754166666666667,0.0741666666666667,0.0725,0.06875,0.0675,0.06125,0.0595833333333333,0.05,0.01,0.01,0,0,0.04,0.04,0.03,0.03,0.03,0.02,0.01
2016-07-14,0.237083333333333,0.217083333333333,0.0795833333333333,0.0995833333333333,0.183333333333333,0.20125,0.176666666666667,0.154583333333333,0.0895833333333333,0.0795833333333333,0.100833333333333,0.1325,0.345833333333333,0.1925,0.184583333333333,0.115,0.0945833333333333,0.374583333333333,0.295416666666667,0.221666666666667,0.20625,0.181666666666667,0.125416666666667,0.07125
2016-07-15,1.50291666666667,1.42875,0.651666666666667,0.564583333333333,0.32,0.785,0.7725,0.771666666666667,0.737083333333333,0.732916666666667,0.789583333333333,0.759583333333333,0.5625,0.112083333333333,0.106666666666667,0.05125,0.0429166666666667,0.209166666666667,0.189166666666667,0.15125,0.1425,0.127916666666667,0.06,0.0291666666666667
2016-07-16,0.62625,0.56625,0.10875,0.137083333333333,0.303333333333333,0.488333333333333,0.425,0.385833333333333,0.3075,0.29,0.22375,0.192916666666667,0.335833333333333,0.321666666666667,0.292916666666667,0.240416666666667,0.217916666666667,0.364166666666667,0.27,0.179583333333333,0.160416666666667,0.124583333333333,0.119583333333333,0.075
2016-07-17,2.25291666666667,2.22708333333333,1.3475,1.28541666666667,0.917916666666667,0.842916666666667,0.845416666666667,0.851666666666667,0.851666666666667,0.851666666666667,0.890833333333333,0.865833333333333,0.655833333333333,0.2,0.14625,0.0025,0.00125,0.0820833333333333,0.0775,0.0670833333333333,0.0654166666666667,0.0625,0.02,0.01
2016-07-18,0.572916666666667,0.485416666666667,0.0908333333333333,0.0470833333333333,0.01,0.297916666666667,0.2925,0.28,0.275416666666667,0.273333333333333,0.18375,0.133333333333333,0.0575,0.01,0,0,0,0.04,0.04,0.0304166666666667,0.03,0.03,0.02,0.01
2016-07-19,0.150833333333333,0.13625,0.01,0.01,0.01,0.109583333333333,0.1075,0.103333333333333,0.10125,0.1,0.07625,0.065,0.05,0.01,0,0,0,0.04,0.04,0.0308333333333333,0.03,0.03,0.02,0.01
2016-07-20,0.104583333333333,0.0904166666666667,0.01,0.01,0.01,0.07375,0.0729166666666667,0.0691666666666667,0.0658333333333333,0.0645833333333333,0.0595833333333333,0.0525,0.05,0.01,0.000416666666666667,0,0,0.0404166666666667,0.04,0.0379166666666667,0.0304166666666667,0.03,0.02,0.01
2016-07-21,0.0916666666666667,0.08,0.01,0.01,0.01,0.06625,0.0616666666666667,0.06,0.06,0.06,0.05,0.05,0.05,0.00875,0,0,0,0.04125,0.04,0.04,0.0304166666666667,0.03,0.02,0.01
2016-07-22,0.100833333333333,0.0858333333333333,0.0141666666666667,0.0133333333333333,0.0175,0.07125,0.0695833333333333,0.0645833333333333,0.0608333333333333,0.06,0.0520833333333333,0.0525,0.0579166666666667,0.0170833333333333,0.00958333333333333,0.00583333333333333,0.00375,0.0533333333333333,0.0491666666666667,0.04625,0.0379166666666667,0.0358333333333333,0.0266666666666667,0.0125
2016-07-23,0.111666666666667,0.0958333333333333,0.0145833333333333,0.0120833333333333,0.01,0.0745833333333333,0.0733333333333333,0.06875,0.0666666666666667,0.06625,0.0683333333333333,0.06875,0.06375,0.00416666666666667,0.00166666666666667,0.000416666666666667,0,0.0458333333333333,0.0404166666666667,0.04,0.03125,0.03,0.02,0.01
2016-07-24,0.242083333333333,0.215,0.045,0.0429166666666667,0.0545833333333333,0.184583333333333,0.177916666666667,0.177083333333333,0.15375,0.15125,0.18375,0.200833333333333,0.23,0.0466666666666667,0.045,0.03125,0.0241666666666667,0.179166666666667,0.163333333333333,0.139583333333333,0.128333333333333,0.11625,0.0733333333333333,0.0358333333333333
2016-07-25,0.229583333333333,0.211666666666667,0.0179166666666667,0.0154166666666667,0.0166666666666667,0.18125,0.179166666666667,0.174166666666667,0.169583333333333,0.167083333333333,0.141666666666667,0.120416666666667,0.085,0.0125,0.0104166666666667,0.00375,0.0025,0.0608333333333333,0.0508333333333333,0.0475,0.0379166666666667,0.0358333333333333,0.0270833333333333,0.0133333333333333
2016-07-26,0.14625,0.129583333333333,0.01,0.01,0.01,0.108333333333333,0.10625,0.102916666666667,0.1,0.09875,0.0808333333333333,0.0691666666666667,0.0508333333333333,0,0,0,0,0.0441666666666667,0.04,0.04,0.03,0.03,0.02,0.01
2016-07-27,0.109166666666667,0.09375,0.0104166666666667,0.0104166666666667,0.0108333333333333,0.0775,0.0754166666666667,0.0733333333333333,0.0695833333333333,0.0683333333333333,0.0608333333333333,0.0579166666666667,0.05,0.00125,0.00125,0.000833333333333333,0.000833333333333333,0.0433333333333333,0.0408333333333333,0.0404166666666667,0.0304166666666667,0.0304166666666667,0.0208333333333333,0.0104166666666667
2016-07-28,0.26,0.258333333333333,0.0879166666666667,0.095,0.150416666666667,0.225833333333333,0.196666666666667,0.179166666666667,0.106666666666667,0.0970833333333333,0.16875,0.288333333333333,0.71125,0.325,0.262083333333333,0.095,0.0716666666666667,0.69625,0.594166666666667,0.487083333333333,0.444583333333333,0.38875,0.2525,0.184583333333333
2016-07-29,1.185,1.17666666666667,0.187916666666667,0.139583333333333,0.0325,0.989166666666667,0.99,0.992083333333333,0.990416666666667,0.990416666666667,1.00041666666667,0.883333333333333,0.451666666666667,0.0220833333333333,0.0175,0.0025,0.00208333333333333,0.08875,0.0766666666666667,0.0729166666666667,0.0704166666666667,0.06125,0.0216666666666667,0.0104166666666667
2016-07-30,0.680833333333333,0.565833333333333,0.107916666666667,0.112083333333333,0.170833333333333,0.445416666666667,0.393333333333333,0.3575,0.292916666666667,0.282916666666667,0.2325,0.236666666666667,0.345833333333333,0.109166666666667,0.0883333333333333,0.0908333333333333,0.0670833333333333,0.341666666666667,0.29125,0.22875,0.221666666666667,0.195,0.109166666666667,0.0458333333333333
2016-07-31,0.709583333333333,0.654583333333333,0.173333333333333,0.119166666666667,0.0183333333333333,0.44125,0.44,0.437916666666667,0.433333333333333,0.43375,0.420833333333333,0.366666666666667,0.189583333333333,0.00208333333333333,0.000833333333333333,0,0,0.05875,0.0575,0.0479166666666667,0.0475,0.0454166666666667,0.02,0.01
2016-08-01,0.252916666666667,0.230833333333333,0.01,0.01,0.01,0.189583333333333,0.187083333333333,0.181666666666667,0.1775,0.176666666666667,0.127916666666667,0.10125,0.0616666666666667,0,0,0,0,0.05,0.05,0.04,0.04,0.04,0.02,0.01
2016-08-02,0.17375,0.1425,0.0179166666666667,0.01625,0.02625,0.1225,0.115833333333333,0.104583333333333,0.0966666666666667,0.09375,0.08,0.0770833333333333,0.0875,0.0191666666666667,0.0133333333333333,0.01125,0.00791666666666667,0.0904166666666667,0.0775,0.0666666666666667,0.06125,0.0566666666666667,0.03,0.01375
2016-08-03,0.1525,0.131666666666667,0.0129166666666667,0.0108333333333333,0.01,0.113333333333333,0.112083333333333,0.10625,0.104166666666667,0.10375,0.105833333333333,0.10625,0.0904166666666667,0.01,0,0,0,0.0625,0.06125,0.0516666666666667,0.0508333333333333,0.0433333333333333,0.02,0.01
2016-08-04,0.147083333333333,0.125,0.01,0.01,0.01,0.107916666666667,0.105833333333333,0.101666666666667,0.0975,0.0966666666666667,0.0870833333333333,0.0816666666666667,0.07,0.01,0,0,0,0.06,0.06,0.05,0.05,0.0429166666666667,0.02,0.01
2016-08-05,0.134166666666667,0.110833333333333,0.0125,0.01125,0.0104166666666667,0.0941666666666667,0.0916666666666667,0.09,0.0833333333333333,0.0825,0.08,0.08,0.07,0.01,0.000416666666666667,0.000416666666666667,0,0.0666666666666667,0.06,0.05,0.05,0.05,0.02,0.01
2016-08-06,0.13,0.11,0.0133333333333333,0.0108333333333333,0.0108333333333333,0.0904166666666667,0.09,0.09,0.08,0.08,0.08,0.08,0.07125,0.0129166666666667,0.005,0.000416666666666667,0.000416666666666667,0.0716666666666667,0.0620833333333333,0.0520833333333333,0.05125,0.0508333333333333,0.0220833333333333,0.0104166666666667
2016-08-07,0.14,0.11,0.0145833333333333,0.0120833333333333,0.0104166666666667,0.0966666666666667,0.0945833333333333,0.09,0.0858333333333333,0.085,0.0854166666666667,0.0841666666666667,0.0825,0.0104166666666667,0.00208333333333333,0,0,0.0708333333333333,0.065,0.06,0.0516666666666667,0.0504166666666667,0.0204166666666667,0.01
2016-08-08,0.14,0.118333333333333,0.0108333333333333,0.0108333333333333,0.01125,0.1,0.1,0.09,0.09,0.09,0.085,0.08,0.08,0.01,0.000833333333333333,0.000416666666666667,0.000416666666666667,0.07,0.0654166666666667,0.06,0.05,0.05,0.02,0.01
2016-08-09,0.22375,0.18875,0.0354166666666667,0.0404166666666667,0.0675,0.164583333333333,0.1575,0.142083333333333,0.1275,0.12375,0.14,0.150416666666667,0.182083333333333,0.05375,0.045,0.0391666666666667,0.0283333333333333,0.143333333333333,0.127916666666667,0.105833333333333,0.0979166666666667,0.0879166666666667,0.0433333333333333,0.0220833333333333
2016-08-10,0.2325,0.205833333333333,0.0225,0.01375,0.01,0.179583333333333,0.177083333333333,0.172083333333333,0.167916666666667,0.167083333333333,0.15625,0.14125,0.104166666666667,0.01,0.0075,0,0,0.0725,0.0708333333333333,0.0608333333333333,0.0545833333333333,0.0516666666666667,0.02,0.01
2016-08-11,0.183333333333333,0.156666666666667,0.02,0.01,0.01,0.133333333333333,0.13125,0.125833333333333,0.12125,0.12,0.10375,0.0945833333333333,0.08,0.01,0.01,0,0,0.07,0.07,0.06,0.05,0.05,0.02,0.01
2016-08-12,0.153333333333333,0.126666666666667,0.02,0.0120833333333333,0.0104166666666667,0.109583333333333,0.10625,0.102083333333333,0.0966666666666667,0.0954166666666667,0.09,0.0895833333333333,0.08,0.01,0.01,0.000416666666666667,0.000416666666666667,0.0708333333333333,0.07,0.06,0.0520833333333333,0.05,0.0204166666666667,0.01
2016-08-13,0.151666666666667,0.12125,0.02125,0.0116666666666667,0.0158333333333333,0.1025,0.101666666666667,0.100416666666667,0.0904166666666667,0.09,0.09,0.09,0.0820833333333333,0.0141666666666667,0.0129166666666667,0.00291666666666667,0.00208333333333333,0.0741666666666667,0.0729166666666667,0.0620833333333333,0.0579166666666667,0.0520833333333333,0.0225,0.01125
2016-08-14,0.15625,0.13125,0.0225,0.0154166666666667,0.0125,0.110416666666667,0.107083333333333,0.100833333333333,0.0966666666666667,0.0958333333333333,0.0941666666666667,0.0920833333333333,0.08875,0.0108333333333333,0.0104166666666667,0.00125,0.000833333333333333,0.075,0.0716666666666667,0.0608333333333333,0.0595833333333333,0.0516666666666667,0.0216666666666667,0.01
2016-08-15,0.157916666666667,0.133333333333333,0.02125,0.01375,0.0108333333333333,0.11,0.11,0.1,0.1,0.1,0.09,0.09,0.0829166666666667,0.01,0.01,0,0,0.07125,0.07,0.06,0.055,0.0504166666666667,0.02,0.01
2016-08-16,0.149166666666667,0.120416666666667,0.01,0.01,0.01,0.107083333333333,0.1025,0.1,0.09375,0.0920833333333333,0.09,0.08625,0.08,0.01,0.01,0,0,0.07,0.07,0.06,0.05,0.05,0.02,0.01
2016-08-17,0.14,0.12,0.01,0.01,0.01,0.1,0.1,0.0954166666666667,0.09,0.09,0.0858333333333333,0.08,0.08,0.01,0.00708333333333333,0,0,0.07,0.0616666666666667,0.05875,0.05,0.05,0.02,0.01
2016-08-18,0.412916666666667,0.3675,0.0920833333333333,0.135416666666667,0.313333333333333,0.47,0.36875,0.270833333333333,0.137916666666667,0.117083333333333,0.139166666666667,0.155416666666667,0.41625,0.3775,0.33,0.359166666666667,0.304583333333333,0.5825,0.51125,0.350416666666667,0.329583333333333,0.287083333333333,0.241666666666667,0.158333333333333
2016-08-19,3.8,3.7,2.0175,1.92875,1.36208333333333,1.5975,1.58666666666667,1.57,1.56541666666667,1.565,1.62958333333333,1.59083333333333,1.28875,0.3825,0.28,0.04125,0.0208333333333333,0.33125,0.249166666666667,0.225,0.20375,0.174166666666667,0.0270833333333333,0.0141666666666667
2016-08-20,1.49791666666667,1.29875,0.4475,0.4225,0.427083333333333,0.84375,0.782916666666667,0.670416666666667,0.575416666666667,0.555,0.454166666666667,0.47375,0.690416666666667,0.37,0.332083333333333,0.332083333333333,0.262916666666667,0.619166666666667,0.497083333333333,0.372916666666667,0.3525,0.305,0.214583333333333,0.118333333333333
2016-08-21,2.10458333333333,2.0175,0.933333333333333,0.829166666666667,0.42,1.01583333333333,1.01083333333333,0.99875,0.99375,0.992083333333333,0.9625,0.874166666666667,0.52,0.06375,0.0575,0.000416666666666667,0.000416666666666667,0.109583333333333,0.103333333333333,0.09125,0.0883333333333333,0.0804166666666667,0.02,0.01
2016-08-22,0.542083333333333,0.45,0.0633333333333333,0.0316666666666667,0.01,0.30625,0.3,0.287916666666667,0.280833333333333,0.277916666666667,0.19625,0.1525,0.0916666666666667,0.01,0.01,0,0,0.0783333333333333,0.07,0.06,0.06,0.05,0.02,0.01
2016-08-23,0.215416666666667,0.179166666666667,0.02,0.02,0.0116666666666667,0.146666666666667,0.14375,0.137083333333333,0.130833333333333,0.129583333333333,0.10875,0.101666666666667,0.09,0.01,0.01,0,0,0.08,0.0770833333333333,0.065,0.06,0.0575,0.0275,0.01
2016-08-24,0.19,0.15125,0.02625,0.02,0.02,0.13,0.120416666666667,0.12,0.11,0.11,0.1,0.1,0.0958333333333333,0.01,0.01,0,0,0.0895833333333333,0.08,0.07,0.0654166666666667,0.06,0.03,0.01
2016-08-25,0.195833333333333,0.15625,0.03,0.02,0.02,0.13,0.125,0.12,0.11,0.11,0.108333333333333,0.105,0.1,0.01,0.01,0.00541666666666667,0,0.09,0.08,0.07,0.07,0.06,0.03,0.01
2016-08-26,0.204166666666667,0.161666666666667,0.03,0.0233333333333333,0.0204166666666667,0.130416666666667,0.13,0.120416666666667,0.11875,0.115416666666667,0.11,0.11,0.1,0.0104166666666667,0.01,0.01,0.000416666666666667,0.0904166666666667,0.0845833333333333,0.07,0.07,0.06,0.03,0.01
2016-08-27,0.21,0.17,0.03,0.03,0.0204166666666667,0.14,0.131666666666667,0.13,0.12,0.12,0.110833333333333,0.11,0.10625,0.01,0.01,0.01,0,0.09,0.09,0.07,0.07,0.06,0.03,0.01
2016-08-28,0.212083333333333,0.17,0.03,0.03,0.02,0.14,0.14,0.13,0.12,0.12,0.12,0.11,0.1,0.01,0.01,0.01,0,0.09,0.0866666666666667,0.07,0.07,0.06,0.03,0.01
2016-08-29,0.212916666666667,0.17,0.03,0.03,0.02,0.14,0.14,0.13,0.12,0.12,0.115833333333333,0.11,0.1,0.01,0.01,0.01,0,0.09,0.08,0.07,0.07,0.06,0.03,0.01
2016-08-30,0.21,0.17,0.03,0.03,0.02,0.14,0.137916666666667,0.13,0.12,0.12,0.11,0.11,0.1,0.01,0.01,0.01,0,0.09,0.08,0.07,0.07,0.06,0.03,0.01
2016-08-31,0.21,0.17,0.03,0.03,0.02,0.14,0.13,0.13,0.12,0.12,0.11,0.11,0.1,0.01,0.01,0.01,0,0.09,0.08,0.07,0.0675,0.06,0.03,0.01
2016-09-01,0.20875,0.17,0.03,0.03,0.02,0.134583333333333,0.13,0.12375,0.12,0.12,0.11,0.11,0.1,0.01,0.01,0.01,0,0.0891666666666667,0.08,0.07,0.06,0.06,0.03,0.01
2016-09-02,0.2,0.162916666666667,0.03,0.03,0.02,0.13,0.13,0.12,0.116666666666667,0.111666666666667,0.11,0.102083333333333,0.0991666666666667,0.01,0.01,0.01,0,0.08,0.08,0.0675,0.06,0.0595833333333333,0.02875,0.01
2016-09-03,0.2,0.16,0.03,0.03,0.02,0.13,0.125833333333333,0.12,0.11,0.11,0.105,0.1,0.09,0.01,0.01,0.01,0,0.08,0.0704166666666667,0.06,0.06,0.05,0.02,0.01
2016-09-04,0.190416666666667,0.16,0.03,0.03,0.02,0.1275,0.12,0.119166666666667,0.11,0.11,0.1,0.1,0.09,0.01,0.01,0.01,0,0.08,0.07,0.06,0.06,0.05,0.02,0.01
2016-09-05,0.19,0.152083333333333,0.03,0.03,0.02,0.12,0.12,0.11,0.11,0.10875,0.1,0.1,0.09,0.01,0.01,0.01,0,0.08,0.07,0.06,0.06,0.05,0.02,0.01
2016-09-06,0.180416666666667,0.15,0.03,0.02875,0.02,0.12,0.1175,0.11,0.1025,0.1,0.1,0.09125,0.08875,0.01,0.01,0.01,0,0.0704166666666667,0.07,0.06,0.0508333333333333,0.05,0.02,0.01
2016-09-07,0.178333333333333,0.14625,0.03,0.02,0.02,0.115833333333333,0.11,0.109166666666667,0.1,0.1,0.0916666666666667,0.09,0.08,0.01,0.01,0.01,0,0.07,0.0675,0.0579166666666667,0.05,0.05,0.02,0.01
2016-09-08,0.17,0.14,0.03,0.02,0.02,0.11,0.11,0.1,0.1,0.0991666666666667,0.09,0.09,0.08,0.01,0.01,0.01,0,0.07,0.06,0.05,0.05,0.05,0.02,0.01
2016-09-09,0.165833333333333,0.138333333333333,0.03,0.02,0.02,0.11,0.104166666666667,0.1,0.0925,0.09,0.09,0.0833333333333333,0.08,0.01,0.01,0.01,0,0.0691666666666667,0.06,0.05,0.05,0.04,0.02,0.01
2016-09-10,0.16,0.13,0.03,0.02,0.02,0.100833333333333,0.1,0.0979166666666667,0.09,0.09,0.0833333333333333,0.08,0.0725,0.01,0.01,0.01,0,0.06,0.06,0.05,0.05,0.04,0.02,0.01
2016-09-11,0.2175,0.179583333333333,0.0491666666666667,0.04625,0.0641666666666667,0.135,0.129166666666667,0.117916666666667,0.109166666666667,0.10625,0.11,0.115,0.119166666666667,0.0283333333333333,0.02375,0.02375,0.0133333333333333,0.0908333333333333,0.0804166666666667,0.0670833333333333,0.0608333333333333,0.0554166666666667,0.02875,0.0133333333333333
2016-09-12,0.18125,0.154583333333333,0.03,0.02,0.02,0.124583333333333,0.122916666666667,0.11875,0.112916666666667,0.112083333333333,0.10125,0.0916666666666667,0.0720833333333333,0.01,0.01,0,0,0.06,0.05,0.0495833333333333,0.04,0.04,0.02,0.01
2016-09-13,0.162083333333333,0.135,0.03,0.02375,0.02125,0.105,0.103333333333333,0.0966666666666667,0.0929166666666667,0.0920833333333333,0.0820833333333333,0.08,0.07,0.0108333333333333,0.0104166666666667,0.00208333333333333,0.00125,0.0608333333333333,0.05125,0.0420833333333333,0.0408333333333333,0.04,0.0208333333333333,0.01
2016-09-14,0.145833333333333,0.122916666666667,0.02375,0.02,0.02,0.0941666666666667,0.0904166666666667,0.09,0.08125,0.08,0.0791666666666667,0.0720833333333333,0.06875,0.01,0.01,0.000416666666666667,0,0.0575,0.05,0.04,0.04,0.04,0.02,0.01
2016-09-15,0.142083333333333,0.117083333333333,0.0229166666666667,0.0220833333333333,0.0225,0.09125,0.0908333333333333,0.0808333333333333,0.08,0.08,0.07,0.07,0.0620833333333333,0.0108333333333333,0.0104166666666667,0.00208333333333333,0.00125,0.0520833333333333,0.0508333333333333,0.0408333333333333,0.0404166666666667,0.04,0.02,0.01
2016-09-16,0.135833333333333,0.11375,0.0220833333333333,0.0204166666666667,0.02,0.09,0.08625,0.08,0.08,0.0791666666666667,0.07,0.07,0.0616666666666667,0.01,0.01,0,0,0.05,0.05,0.04,0.04,0.0316666666666667,0.02,0.01
2016-09-17,0.132916666666667,0.110833333333333,0.0233333333333333,0.0220833333333333,0.0245833333333333,0.0833333333333333,0.0808333333333333,0.0804166666666667,0.0716666666666667,0.07,0.07,0.0675,0.06,0.0108333333333333,0.0104166666666667,0.0025,0.00125,0.0508333333333333,0.0504166666666667,0.0404166666666667,0.04,0.0308333333333333,0.02,0.01
2016-09-18,0.131666666666667,0.110833333333333,0.0229166666666667,0.0208333333333333,0.0170833333333333,0.08,0.08,0.0791666666666667,0.07,0.07,0.07,0.0658333333333333,0.06,0.01,0.01,0.00125,0,0.05,0.0429166666666667,0.04,0.04,0.03,0.02,0.01
2016-09-19,0.12,0.1,0.02,0.02,0.01,0.08,0.08,0.07,0.07,0.07,0.0645833333333333,0.06,0.06,0.01,0.01,0,0,0.05,0.04,0.04,0.03625,0.03,0.02,0.01
2016-09-20,0.12,0.1,0.02,0.02,0.01,0.08,0.0733333333333333,0.07,0.07,0.07,0.06,0.06,0.0533333333333333,0.01,0.01,0,0,0.04875,0.04,0.0383333333333333,0.03,0.03,0.02,0.01
2016-09-21,0.114583333333333,0.1,0.02,0.02,0.01,0.07,0.07,0.07,0.0633333333333333,0.06,0.06,0.06,0.05,0.01,0.01,0,0,0.04,0.04,0.03,0.03,0.03,0.0183333333333333,0.01
2016-09-22,0.11,0.09,0.02,0.02,0.01,0.07,0.07,0.0695833333333333,0.06,0.06,0.06,0.06,0.05,0.01,0.01,0,0,0.04,0.04,0.03,0.03,0.03,0.01,0.01
2016-09-23,0.11,0.09,0.02,0.02,0.01,0.07,0.07,0.06,0.06,0.06,0.06,0.0508333333333333,0.05,0.01,0.01,0,0,0.04,0.04,0.03,0.03,0.03,0.01,0.01
2016-09-24,0.102083333333333,0.09,0.02,0.02,0.01,0.07,0.065,0.06,0.06,0.06,0.0520833333333333,0.05,0.05,0.01,0.01,0,0,0.04,0.04,0.03,0.03,0.03,0.01,0.01
2016-09-25,0.1,0.0866666666666667,0.02,0.02,0.01,0.0620833333333333,0.06,0.06,0.06,0.05875,0.05,0.05,0.05,0.01,0.01,0,0,0.04,0.03,0.03,0.03,0.03,0.01,0.01
2016-09-26,0.102083333333333,0.0816666666666667,0.0216666666666667,0.02125,0.01875,0.0616666666666667,0.06125,0.0604166666666667,0.0520833333333333,0.05,0.05,0.05,0.0416666666666667,0.0108333333333333,0.0104166666666667,0.00375,0.00208333333333333,0.0404166666666667,0.03125,0.03,0.03,0.0279166666666667,0.0104166666666667,0.01
2016-09-27,0.100833333333333,0.0845833333333333,0.0216666666666667,0.0208333333333333,0.0104166666666667,0.06,0.06,0.05875,0.05,0.05,0.05,0.05,0.04,0.01,0.01,0,0,0.0395833333333333,0.03,0.03,0.03,0.02,0.01,0.01
2016-09-28,0.09,0.08,0.02,0.02,0.01,0.06,0.06,0.05,0.05,0.05,0.05,0.0475,0.04,0.01,0.01,0,0,0.03,0.03,0.03,0.03,0.02,0.01,0.01
2016-09-29,0.09,0.0770833333333333,0.02,0.02,0.01,0.06,0.05,0.05,0.05,0.05,0.05,0.04,0.04,0.01,0.01,0,0,0.03,0.03,0.03,0.0275,0.02,0.01,0.01
2016-09-30,0.09,0.07,0.02,0.02,0.01,0.0508333333333333,0.05,0.05,0.05,0.05,0.04,0.04,0.04,0.01,0.01,0,0,0.03,0.03,0.03,0.02,0.02,0.01,0.01
2016-10-01,0.08625,0.07,0.02,0.02,0.01,0.05,0.05,0.05,0.05,0.05,0.04,0.04,0.04,0.01,0.01,0,0,0.03,0.03,0.0291666666666667,0.02,0.02,0.01,0.01
2016-10-02,0.08,0.07,0.02,0.02,0.01,0.05,0.05,0.05,0.05,0.04375,0.04,0.04,0.04,0.01,0.01,0,0,0.03,0.03,0.02,0.02,0.02,0.01,0.00833333333333333
2016-10-03,0.08,0.07,0.02,0.02,0.01,0.05,0.05,0.05,0.0408333333333333,0.04,0.04,0.04,0.04,0.01,0.01,0,0,0.03,0.03,0.02,0.02,0.02,0.01,0
2016-10-04,0.08,0.07,0.02,0.02,0.01,0.05,0.05,0.05,0.04,0.04,0.04,0.04,0.04,0.01,0.01,0,0,0.03,0.03,0.02,0.02,0.02,0.01,0
2016-10-05,0.08,0.07,0.02,0.02,0.01,0.05,0.05,0.0445833333333333,0.04,0.04,0.04,0.04,0.04,0.01,0.01,0,0,0.03,0.03,0.02,0.02,0.02,0.01,0
2016-10-06,0.08,0.07,0.02,0.02,0.01,0.05,0.05,0.04,0.04,0.04,0.04,0.04,0.0395833333333333,0.01,0.01,0,0,0.03,0.03,0.02,0.02,0.02,0.01,0
2016-10-07,0.07375,0.0604166666666667,0.02,0.02,0.01,0.05,0.045,0.04,0.04,0.04,0.04,0.04,0.03,0.01,0.01,0,0,0.03,0.0275,0.02,0.02,0.02,0.01,0
2016-10-08,0.07,0.06,0.02,0.02,0.01,0.0475,0.04,0.04,0.04,0.04,0.04,0.04,0.03,0.01,0.01,0,0,0.03,0.02,0.02,0.02,0.02,0.01,0
2016-10-09,0.07,0.06,0.02,0.02,0.01,0.04,0.04,0.04,0.04,0.04,0.04,0.04,0.03,0.01,0.01,0,0,0.03,0.02,0.02,0.02,0.02,0.01,0
2016-10-10,0.07,0.06,0.02,0.02,0.01,0.04,0.04,0.04,0.04,0.04,0.04,0.0308333333333333,0.03,0.01,0.01,0,0,0.03,0.02,0.02,0.02,0.02,0.01,0
2016-10-11,0.07,0.06,0.02,0.02,0.01,0.04,0.04,0.04,0.04,0.04,0.04,0.03,0.03,0.01,0.01,0,0,0.03,0.02,0.02,0.02,0.02,0.01,0
2016-10-12,0.07,0.06,0.02,0.02,0.01,0.04,0.04,0.04,0.04,0.04,0.0308333333333333,0.03,0.03,0.01,0.01,0,0,0.0216666666666667,0.02,0.02,0.02,0.02,0.01,0
2016-10-13,0.07,0.06,0.02,0.02,0.01,0.04,0.04,0.04,0.04,0.04,0.03,0.03,0.03,0.01,0.01,0,0,0.02,0.02,0.02,0.02,0.02,0.01,0
2016-10-14,0.07,0.06,0.02,0.02,0.01,0.04,0.04,0.04,0.04,0.0379166666666667,0.03,0.03,0.03,0.01,0.01,0,0,0.02,0.02,0.02,0.02,0.02,0.01,0
2016-10-15,0.0675,0.06,0.02,0.02,0.01,0.04,0.04,0.04,0.03125,0.03,0.03,0.03,0.03,0.01,0.01,0,0,0.02,0.02,0.02,0.02,0.02,0.01,0
2016-10-16,0.06,0.06,0.02,0.02,0.01,0.04,0.04,0.04,0.03,0.03,0.03,0.03,0.03,0.01,0.01,0,0,0.02,0.02,0.02,0.02,0.02,0.01,0
2016-10-17,0.06,0.0545833333333333,0.02,0.0141666666666667,0.01,0.04,0.04,0.04,0.03,0.03,0.03,0.03,0.03,0.01,0.01,0,0,0.02,0.02,0.02,0.02,0.02,0.01,0
2016-10-18,0.06,0.05,0.02,0.01,0.01,0.04,0.04,0.0320833333333333,0.03,0.03,0.03,0.03,0.03,0.01,0.01,0,0,0.02,0.02,0.02,0.02,0.0179166666666667,0.01,0
2016-10-19,0.06,0.05,0.02,0.01,0.01,0.04,0.04,0.03,0.03,0.03,0.03,0.03,0.03,0.01,0.01,0,0,0.02,0.02,0.02,0.02,0.01,0.01,0
2016-10-20,0.0641666666666667,0.0541666666666667,0.0225,0.01375,0.01875,0.0445833333333333,0.03875,0.0333333333333333,0.0316666666666667,0.03125,0.0316666666666667,0.0325,0.0566666666666667,0.03875,0.0383333333333333,0.0075,0.00583333333333333,0.0695833333333333,0.0608333333333333,0.0533333333333333,0.0508333333333333,0.0383333333333333,0.0391666666666667,0.0175
2016-10-21,0.0854166666666667,0.0754166666666667,0.0241666666666667,0.0191666666666667,0.0129166666666667,0.0529166666666667,0.05125,0.0483333333333333,0.0466666666666667,0.04625,0.0516666666666667,0.0558333333333333,0.0604166666666667,0.01,0.01,0.000416666666666667,0,0.0220833333333333,0.0208333333333333,0.0204166666666667,0.0204166666666667,0.0116666666666667,0.01,0
2016-10-22,0.06,0.05,0.02,0.01,0.01,0.03875,0.03,0.03,0.03,0.03,0.03,0.03,0.03,0.01,0.01,0,0,0.02,0.02,0.02,0.0179166666666667,0.01,0.01,0
2016-10-23,0.06,0.05,0.02,0.01,0.01,0.03,0.03,0.03,0.03,0.03,0.03,0.03,0.03,0.01,0.01,0,0,0.02,0.02,0.02,0.01,0.01,0.01,0
2016-10-24,0.06,0.05,0.02,0.01,0.01,0.03,0.03,0.03,0.03,0.03,0.03,0.03,0.03,0.01,0.01,0,0,0.02,0.02,0.02,0.01,0.01,0.01,0
2016-10-25,0.06,0.05,0.02,0.01,0.01,0.03,0.03,0.03,0.03,0.03,0.03,0.03,0.03,0.01,0.01,0,0,0.02,0.02,0.0179166666666667,0.01,0.01,0.01,0
2016-10-26,0.06,0.05,0.02,0.01,0.01,0.03,0.03,0.03,0.03,0.03,0.03,0.03,0.03,0.01,0.01,0,0,0.02,0.02,0.01,0.01,0.01,0.01,0
2016-10-27,0.0595833333333333,0.05,0.02,0.01,0.01,0.03,0.03,0.03,0.03,0.03,0.03,0.03,0.0283333333333333,0.01,0.01,0,0,0.02,0.02,0.01,0.01,0.01,0.01,0
2016-10-28,0.05,0.05,0.02,0.01,0.01,0.03,0.03,0.03,0.03,0.03,0.03,0.03,0.02,0.01,0.01,0,0,0.02,0.02,0.01,0.01,0.01,0.01,0
2016-10-29,0.05,0.05,0.02,0.01,0.01,0.03,0.03,0.03,0.03,0.03,0.03,0.03,0.02,0.01,0.01,0,0,0.02,0.02,0.01,0.01,0.01,0.01,0
2016-10-30,0.05,0.05,0.02,0.01,0.01,0.03,0.03,0.03,0.03,0.03,0.03,0.03,0.02,0.01,0.01,0,0,0.02,0.02,0.01,0.01,0.01,0.01,0
2016-10-31,0.05,0.05,0.02,0.01,0.01,0.03,0.03,0.03,0.03,0.03,0.03,0.0225,0.02,0.01,0.01,0,0,0.02,0.02,0.01,0.01,0.01,0.01,0
