"","Number","USGS_ID","COM_ID","Min_Dis_Jan","Min_Dis_Feb","Min_Dis_Mar","Min_Dis_Apr","Min_Dis_May","Min_Dis_Jun","Min_Dis_Jul","Min_Dis_Aug","Min_Dis_Sep","Min_Dis_Oct","Min_Dis_Nov","Min_Dis_Dec","Max_Dis_Jan","Max_Dis_Feb","Max_Dis_Mar","Max_Dis_Apr","Max_Dis_May","Max_Dis_Jun","Max_Dis_Jul","Max_Dis_Aug","Max_Dis_Sep","Max_Dis_Oct","Max_Dis_Nov","Max_Dis_Dec","Ave_Dis_Jan","Ave_Dis_Feb","Ave_Dis_Mar","Ave_Dis_Apr","Ave_Dis_May","Ave_Dis_Jun","Ave_Dis_Jul","Ave_Dis_Aug","Ave_Dis_Sep","Ave_Dis_Oct","Ave_Dis_Nov","Ave_Dis_Dec","Min_Temp_Jan","Min_Temp_Feb","Min_Temp_Mar","Min_Temp_Apr","Min_Temp_May","Min_Temp_Jun","Min_Temp_Jul","Min_Temp_Aug","Min_Temp_Sep","Min_Temp_Oct","Min_Temp_Nov","Min_Temp_Dec","Max_Temp_Jan","Max_Temp_Feb","Max_Temp_Mar","Max_Temp_Apr","Max_Temp_May","Max_Temp_Jun","Max_Temp_Jul","Max_Temp_Aug","Max_Temp_Sep","Max_Temp_Oct","Max_Temp_Nov","Max_Temp_Dec","Ave_Temp_Jan","Ave_Temp_Feb","Ave_Temp_Mar","Ave_Temp_Apr","Ave_Temp_May","Ave_Temp_Jun","Ave_Temp_Jul","Ave_Temp_Aug","Ave_Temp_Sep","Ave_Temp_Oct","Ave_Temp_Nov","Ave_Temp_Dec","Min_Do_Jan","Min_Do_Feb","Min_Do_Mar","Min_Do_Apr","Min_Do_May","Min_Do_Jun","Min_Do_Jul","Min_Do_Aug","Min_Do_Sep","Min_Do_Oct","Min_Do_Nov","Min_Do_Dec","Max_Do_Jan","Max_Do_Feb","Max_Do_Mar","Max_Do_Apr","Max_Do_May","Max_Do_Jun","Max_Do_Jul","Max_Do_Aug","Max_Do_Sep","Max_Do_Oct","Max_Do_Nov","Max_Do_Dec","Ave_Do_Jan","Ave_Do_Feb","Ave_Do_Mar","Ave_Do_Apr","Ave_Do_May","Ave_Do_Jun","Ave_Do_Jul","Ave_Do_Aug","Ave_Do_Sep","Ave_Do_Oct","Ave_Do_Nov","Ave_Do_Dec","Base_Dis_5%","Base_Dis_25%","Dis_Avail_Data_%","Temp_Avail_Data_%","DO_Avail_Data_%","HDI"
"1",1,2339495,99999,16.6,24.6,36.9,12.5,5.44,0.37,0.21,0.15,0.03,0.01,0.13,6.54,1690,3140,1940,2020,1610,431,922,528,375,491,2830,5570,138.297096774194,192.869964664311,146.373225806452,136.101333333333,61.1702903225806,26.8923666666667,26.9262658227848,17.748211143695,14.2722424242424,20.2538278931751,65.6132,164.682709677419,NA,NA,NA,NA,NA,NA,NA,NA,NA,NA,NA,NA,NA,NA,NA,NA,NA,NA,NA,NA,NA,NA,NA,NA,NA,NA,NA,NA,NA,NA,NA,NA,NA,NA,NA,NA,NA,NA,NA,NA,NA,NA,NA,NA,NA,NA,NA,NA,NA,NA,NA,NA,NA,NA,NA,NA,NA,NA,NA,NA,NA,NA,NA,NA,NA,NA,NA,NA,NA,NA,NA,NA,0.36,8.185,100,0,0,0
"2",2,2342500,99999,32.1,71.9,105,30.6,8.12,3.1,3.13,1.06,1.01,2.64,3.7,11.9,7160,9550,16100,9480,4860,3110,18500,2800,3220,6680,15100,18500,478.618817204301,767.57223042836,887.411290322581,583.162150837989,193.000395634379,153.429944444444,232.025215053763,102.872449255751,71.5154583333333,116.288440860215,219.191347826087,518.998457223001,NA,NA,NA,NA,NA,NA,NA,NA,NA,NA,NA,NA,NA,NA,NA,NA,NA,NA,NA,NA,NA,NA,NA,NA,NA,NA,NA,NA,NA,NA,NA,NA,NA,NA,NA,NA,NA,NA,NA,NA,NA,NA,NA,NA,NA,NA,NA,NA,NA,NA,NA,NA,NA,NA,NA,NA,NA,NA,NA,NA,NA,NA,NA,NA,NA,NA,NA,NA,NA,NA,NA,NA,7.2815,32.2,100,0,0,16
"3",3,2342933,99999,9.9,18,18,9.11,0.42,0.29,0.08,0.51,0.53,0.43,1.28,3.54,6560,4160,7060,3700,3760,868,10200,3320,2150,2740,4740,7730,160.573174872666,232.127798507463,305.721731748727,155.596333333333,77.6644312393888,43.9490350877193,83.1816468590832,53.7595076400679,44.8570877192982,34.5612056737589,79.7095555555556,152.0979390681,NA,NA,NA,NA,NA,NA,NA,NA,NA,NA,NA,NA,NA,NA,NA,NA,NA,NA,NA,NA,NA,NA,NA,NA,NA,NA,NA,NA,NA,NA,NA,NA,NA,NA,NA,NA,NA,NA,NA,NA,NA,NA,NA,NA,NA,NA,NA,NA,NA,NA,NA,NA,NA,NA,NA,NA,NA,NA,NA,NA,NA,NA,NA,NA,NA,NA,NA,NA,NA,NA,NA,NA,1.536,8.49,100,0,0,10
"4",4,2343300,99999,137,165,240,187,107,56,42,43,NA,NA,NA,NA,748,471,1380,738,243,103,114,57,NA,NA,NA,NA,285.096774193548,270.214285714286,500.806451612903,308.8,152.41935483871,76.0666666666667,62.7096774193548,46.8,NA,NA,NA,NA,NA,NA,NA,NA,NA,NA,NA,NA,NA,NA,NA,NA,NA,NA,NA,NA,NA,NA,NA,NA,NA,NA,NA,NA,NA,NA,NA,NA,NA,NA,NA,NA,NA,NA,NA,NA,NA,NA,NA,NA,NA,NA,NA,NA,NA,NA,NA,NA,NA,NA,NA,NA,NA,NA,NA,NA,NA,NA,NA,NA,NA,NA,NA,NA,NA,NA,NA,NA,NA,NA,NA,NA,48,85,100,0,0,10
"5",5,2361000,99999,192,213,209,100,51,38.9,37,35.4,35.8,51.9,64.8,130,11800,9390,34400,12600,7780,5650,56500,5140,7800,9200,4630,23000,1146.56048387097,1410.38643067847,1479.10887096774,1333.85,595.579301075269,451.691944444444,886.044758064516,472.343010752688,373.520555555556,386.657795698925,526.552608695652,1137.84852734923,NA,NA,NA,NA,NA,NA,NA,NA,NA,NA,NA,NA,NA,NA,NA,NA,NA,NA,NA,NA,NA,NA,NA,NA,NA,NA,NA,NA,NA,NA,NA,NA,NA,NA,NA,NA,NA,NA,NA,NA,NA,NA,NA,NA,NA,NA,NA,NA,NA,NA,NA,NA,NA,NA,NA,NA,NA,NA,NA,NA,NA,NA,NA,NA,NA,NA,NA,NA,NA,NA,NA,NA,92.32,238,100,0,0,11
"6",6,2361500,99999,433,548,579,374,219,176,200,173,183,216,245,341,16400,19000,30000,20200,17200,8160,14400,10100,8560,4860,7550,37700,2095.875,2672.41371681416,2566.04838709677,2899.34166666667,1335.06451612903,1083.93958333333,1428.20967741935,1319.48387096774,905.94375,735.512096774194,1114.06222222222,2270.1063394683,NA,NA,NA,NA,NA,NA,NA,NA,NA,NA,NA,NA,NA,NA,NA,NA,NA,NA,NA,NA,NA,NA,NA,NA,NA,NA,NA,NA,NA,NA,NA,NA,NA,NA,NA,NA,NA,NA,NA,NA,NA,NA,NA,NA,NA,NA,NA,NA,NA,NA,NA,NA,NA,NA,NA,NA,NA,NA,NA,NA,NA,NA,NA,NA,NA,NA,NA,NA,NA,NA,NA,NA,304,607,100,0,0,0
"7",7,2362240,99999,11,10,7.12,6.41,1.9,1.4,1.1,1.2,2.5,3.8,4.5,9.1,527,555,3440,838,241,236,3610,307,1920,1190,439,1050,40.4876344086021,48.1716814159292,52.0156989247312,43.8300416666667,25.0524193548387,23.5523472222222,35.3727016129032,24.0284274193548,26.7840972222222,26.1251209677419,29.3001449275362,42.0040673211781,NA,NA,NA,NA,NA,NA,NA,NA,NA,NA,NA,NA,NA,NA,NA,NA,NA,NA,NA,NA,NA,NA,NA,NA,NA,NA,NA,NA,NA,NA,NA,NA,NA,NA,NA,NA,NA,NA,NA,NA,NA,NA,NA,NA,NA,NA,NA,NA,NA,NA,NA,NA,NA,NA,NA,NA,NA,NA,NA,NA,NA,NA,NA,NA,NA,NA,NA,NA,NA,NA,NA,NA,6.39,14.2,100,0,0,9
"8",8,2363000,99999,91,120,128,40.2,12,8.05,3.3,4.9,4.38,7.74,15.8,34.8,13000,6310,18200,9210,4730,3780,16000,7470,3380,8760,4580,46300,778.811021505376,1019.67256637168,1157.0564516129,873.173611111111,330.545161290323,251.768486111111,413.117594086021,256.635591397849,160.353013888889,191.090833333333,314.247826086957,844.303927068724,NA,NA,NA,NA,NA,NA,NA,NA,NA,NA,NA,NA,NA,NA,NA,NA,NA,NA,NA,NA,NA,NA,NA,NA,NA,NA,NA,NA,NA,NA,NA,NA,NA,NA,NA,NA,NA,NA,NA,NA,NA,NA,NA,NA,NA,NA,NA,NA,NA,NA,NA,NA,NA,NA,NA,NA,NA,NA,NA,NA,NA,NA,NA,NA,NA,NA,NA,NA,NA,NA,NA,NA,17.72,70,100,0,0,8
"9",9,2364500,99999,292,401,391,172,56.2,43.5,60.9,56.4,60.9,70.6,78.2,178,19800,10500,15200,16700,9810,5660,8030,8250,11900,4660,8310,44200,2083.75576036866,2457.43686868687,2263.92396313364,2632.58095238095,1177.13410138249,807.594761904762,1039.16152073733,1067.3801843318,759.819047619048,487.06,926.558809523809,2391.99078341014,NA,NA,NA,NA,NA,NA,NA,NA,NA,NA,NA,NA,NA,NA,NA,NA,NA,NA,NA,NA,NA,NA,NA,NA,NA,NA,NA,NA,NA,NA,NA,NA,NA,NA,NA,NA,NA,NA,NA,NA,NA,NA,NA,NA,NA,NA,NA,NA,NA,NA,NA,NA,NA,NA,NA,NA,NA,NA,NA,NA,NA,NA,NA,NA,NA,NA,NA,NA,NA,NA,NA,NA,119.2,371,100,0,0,11
"10",10,2364570,99999,9.1,13,24,13,2,1.3,1.7,1.2,1.9,1.4,6.2,5.8,268,946,869,329,198,367,6000,392,30,296,101,57,45.2344086021505,73.3690476190476,93.7204301075269,47.1555555555556,23.3215053763441,31.3622222222222,155.35376344086,22.6376344086021,7.14719101123595,21.4548387096774,13.7316666666667,15.891935483871,NA,NA,NA,NA,NA,NA,NA,NA,NA,NA,NA,NA,NA,NA,NA,NA,NA,NA,NA,NA,NA,NA,NA,NA,NA,NA,NA,NA,NA,NA,NA,NA,NA,NA,NA,NA,NA,NA,NA,NA,NA,NA,NA,NA,NA,NA,NA,NA,NA,NA,NA,NA,NA,NA,NA,NA,NA,NA,NA,NA,NA,NA,NA,NA,NA,NA,NA,NA,NA,NA,NA,NA,2,8.3,100,0,0,12
"11",11,2369800,99999,32.4,34.8,38,28,19.8,17,18,19,20.3,20,21,28.2,1850,2790,9000,2490,1730,1250,3330,1490,10300,6290,1140,2400,163.627688172043,187.837463126844,196.457123655914,177.368888888889,97.2639784946237,97.8095833333333,115.043010752688,106.529032258065,109.267083333333,96.2709677419355,98.3869565217391,139.558906030856,NA,NA,NA,NA,NA,NA,NA,NA,NA,NA,NA,NA,NA,NA,NA,NA,NA,NA,NA,NA,NA,NA,NA,NA,NA,NA,NA,NA,NA,NA,NA,NA,NA,NA,NA,NA,NA,NA,NA,NA,NA,NA,NA,NA,NA,NA,NA,NA,NA,NA,NA,NA,NA,NA,NA,NA,NA,NA,NA,NA,NA,NA,NA,NA,NA,NA,NA,NA,NA,NA,NA,NA,28.4,47,100,0,0,9
"12",12,2371200,99999,32.4,34.8,38,28,19.8,17,18,19,20.3,20,21,28.2,1850,2790,9000,2490,1730,1250,3330,1490,10300,6290,1140,2400,163.627688172043,187.837463126844,196.457123655914,177.368888888889,97.2639784946237,97.8095833333333,115.043010752688,106.529032258065,109.267083333333,96.2709677419355,98.3869565217391,139.558906030856,NA,NA,NA,NA,NA,NA,NA,NA,NA,NA,NA,NA,NA,NA,NA,NA,NA,NA,NA,NA,NA,NA,NA,NA,NA,NA,NA,NA,NA,NA,NA,NA,NA,NA,NA,NA,NA,NA,NA,NA,NA,NA,NA,NA,NA,NA,NA,NA,NA,NA,NA,NA,NA,NA,NA,NA,NA,NA,NA,NA,NA,NA,NA,NA,NA,NA,NA,NA,NA,NA,NA,NA,28.4,47,100,0,0,6
"13",13,2371500,99999,95.1,148,154,82.6,30,21,24,14,18.5,16.8,18.8,50,6180,6930,15900,7390,4140,4740,15200,5940,7370,6350,4210,16300,799.948924731183,1049.12979351032,1241.54838709677,925.731944444444,375.094086021505,302.298194444444,445.789112903226,287.837096774194,226.386750348675,228.752284946237,317.1,744.181767180926,NA,NA,NA,NA,NA,NA,NA,NA,NA,NA,NA,NA,NA,NA,NA,NA,NA,NA,NA,NA,NA,NA,NA,NA,NA,NA,NA,NA,NA,NA,NA,NA,NA,NA,NA,NA,NA,NA,NA,NA,NA,NA,NA,NA,NA,NA,NA,NA,NA,NA,NA,NA,NA,NA,NA,NA,NA,NA,NA,NA,NA,NA,NA,NA,NA,NA,NA,NA,NA,NA,NA,NA,31,89.725,100,0,0,8
"14",14,2372250,99999,118,123,115,86.5,24.9,16,11,13.2,13.6,12,16,51.8,5560,6270,18000,10100,5340,4320,5140,3300,23000,13700,3570,12000,743.008064516129,938.573746312684,1169.10752688172,861.675,352.738440860215,297.567222222222,354.76438172043,256.442607526882,275.370555555556,237.775268817204,308.854927536232,668.689747191011,NA,NA,NA,NA,NA,NA,NA,NA,NA,NA,NA,NA,NA,NA,NA,NA,NA,NA,NA,NA,NA,NA,NA,NA,NA,NA,NA,NA,NA,NA,NA,NA,NA,NA,NA,NA,NA,NA,NA,NA,NA,NA,NA,NA,NA,NA,NA,NA,NA,NA,NA,NA,NA,NA,NA,NA,NA,NA,NA,NA,NA,NA,NA,NA,NA,NA,NA,NA,NA,NA,NA,NA,31.715,97.3,99.9885123492246,0,0,11
"15",15,2372422,99999,97.2,88,326,103,38,15.2,9.01,19,21,22,40.2,21.5,17000,12400,30100,19900,6770,7430,12700,8670,12100,4330,7630,24500,1698.99126436782,2262.8671679198,2919.44137931034,2170.15089514066,848.622093023256,865.172626931567,808.220371819961,718.836240310078,666.128910891089,374.207393715342,744.559787234043,1585.818125,NA,NA,NA,NA,NA,NA,NA,NA,NA,NA,NA,NA,NA,NA,NA,NA,NA,NA,NA,NA,NA,NA,NA,NA,NA,NA,NA,NA,NA,NA,NA,NA,NA,NA,NA,NA,NA,NA,NA,NA,NA,NA,NA,NA,NA,NA,NA,NA,NA,NA,NA,NA,NA,NA,NA,NA,NA,NA,NA,NA,NA,NA,NA,NA,NA,NA,NA,NA,NA,NA,NA,NA,50.7,204.25,100,0,0,0
"16",16,2373000,99999,67.4,92.7,124,44.2,17,7.36,3.8,2.6,2.9,3.2,2.9,30.8,10100,9120,26000,15000,10700,9340,11200,2980,24700,29700,5600,20600,930.799059139785,1161.42522123894,1437.48924731183,1016.26916666667,411.343817204301,363.605125348189,405.44916893733,229.562129380054,233.287364016736,257.082298387097,299.69847826087,802.342496493689,NA,NA,NA,NA,NA,NA,NA,NA,NA,NA,NA,NA,NA,NA,NA,NA,NA,NA,NA,NA,NA,NA,NA,NA,NA,NA,NA,NA,NA,NA,NA,NA,NA,NA,NA,NA,NA,NA,NA,NA,NA,NA,NA,NA,NA,NA,NA,NA,NA,NA,NA,NA,NA,NA,NA,NA,NA,NA,NA,NA,NA,NA,NA,NA,NA,NA,NA,NA,NA,NA,NA,NA,18.435,67,100,0,0,11
"17",17,2373500,99999,67.4,92.7,124,44.2,17,7.36,3.8,2.6,2.9,3.2,2.9,30.8,10100,9120,26000,15000,10700,9340,11200,2980,24700,29700,5600,20600,930.799059139785,1161.42522123894,1437.48924731183,1016.26916666667,411.343817204301,363.605125348189,405.44916893733,229.562129380054,233.287364016736,257.082298387097,299.69847826087,802.342496493689,NA,NA,NA,NA,NA,NA,NA,NA,NA,NA,NA,NA,NA,NA,NA,NA,NA,NA,NA,NA,NA,NA,NA,NA,NA,NA,NA,NA,NA,NA,NA,NA,NA,NA,NA,NA,NA,NA,NA,NA,NA,NA,NA,NA,NA,NA,NA,NA,NA,NA,NA,NA,NA,NA,NA,NA,NA,NA,NA,NA,NA,NA,NA,NA,NA,NA,NA,NA,NA,NA,NA,NA,18.435,67,100,0,0,10
"18",18,2374250,99999,713,826,934,601,330,275,217,235,266,221,227,410,43800,26100,56600,36200,26600,14300,16300,11700,14600,10400,13800,71900,4475.80265654649,5110.46985446985,5889.65464895636,5588.78666666667,2558.52150537634,2085.83148148148,2134.53225806452,1871.34050179211,1565.53703703704,1113.12365591398,1875.96470588235,4388.65779467681,NA,NA,NA,NA,NA,NA,NA,NA,NA,NA,NA,NA,NA,NA,NA,NA,NA,NA,NA,NA,NA,NA,NA,NA,NA,NA,NA,NA,NA,NA,NA,NA,NA,NA,NA,NA,NA,NA,NA,NA,NA,NA,NA,NA,NA,NA,NA,NA,NA,NA,NA,NA,NA,NA,NA,NA,NA,NA,NA,NA,NA,NA,NA,NA,NA,NA,NA,NA,NA,NA,NA,NA,371,786,100,0,0,0
"19",19,2374500,99999,83.4,92.4,96,56,39,39,33,34,37,38,44,73.8,2710,2710,8490,2940,2560,2090,3270,2250,5020,4850,2210,7260,334.746505376344,378.860029498525,408.293010752688,327.603611111111,208.275672043011,194.759722222222,200.2875,162.975268817204,168.602222222222,163.252419354839,207.257536231884,310.782748948107,NA,NA,NA,NA,NA,NA,NA,NA,NA,NA,NA,NA,NA,NA,NA,NA,NA,NA,NA,NA,NA,NA,NA,NA,NA,NA,NA,NA,NA,NA,NA,NA,NA,NA,NA,NA,NA,NA,NA,NA,NA,NA,NA,NA,NA,NA,NA,NA,NA,NA,NA,NA,NA,NA,NA,NA,NA,NA,NA,NA,NA,NA,NA,NA,NA,NA,NA,NA,NA,NA,NA,NA,58.2,110,100,0,0,9
"20",20,2374700,99999,181,232,229,141,106,91,84,79,92.4,86,90,144,7060,5280,12200,5990,8060,3470,6710,2150,5370,2690,4620,25800,817.146110056926,944.264033264033,925.932457786116,886.82037037037,504,441.905555555556,428.544802867384,375.248207885305,365.662037037037,296.870967741935,449.429411764706,886.834914611006,NA,NA,NA,NA,NA,NA,NA,NA,NA,NA,NA,NA,NA,NA,NA,NA,NA,NA,NA,NA,NA,NA,NA,NA,NA,NA,NA,NA,NA,NA,NA,NA,NA,NA,NA,NA,NA,NA,NA,NA,NA,NA,NA,NA,NA,NA,NA,NA,NA,NA,NA,NA,NA,NA,NA,NA,NA,NA,NA,NA,NA,NA,NA,NA,NA,NA,NA,NA,NA,NA,NA,NA,130,205.25,100,0,0,0
"21",21,2374745,99999,58.4,81,81.5,32.3,14,10,14,13.2,17.8,11,11,41.6,3060,2710,6740,3340,4030,1910,4890,1090,2810,1310,2380,15200,350.114990512334,403.671725571726,412.697632058288,349.808148148148,201.728136200717,168.97,173.958960573477,139.222401433692,152.509074074074,115.078673835125,189.862156862745,374.437760910816,NA,NA,NA,NA,NA,NA,NA,NA,NA,NA,NA,NA,NA,NA,NA,NA,NA,NA,NA,NA,NA,NA,NA,NA,NA,NA,NA,NA,NA,NA,NA,NA,NA,NA,NA,NA,NA,NA,NA,NA,NA,NA,NA,NA,NA,NA,NA,NA,NA,NA,NA,NA,NA,NA,NA,NA,NA,NA,NA,NA,NA,NA,NA,NA,NA,NA,NA,NA,NA,NA,NA,NA,24.2,58.8,100,0,0,0
"22",22,2374950,99999,86.7,128,131,77,49.4,46.7,44.1,37.2,38.4,46,47,77.7,4290,3210,6730,2900,5730,2190,2750,2030,5420,1220,1600,9490,364.261088709677,419.172566371681,422.532258064516,381.797916666667,283.513690476191,209.696666666667,219.997722960152,173.118595825427,209.574117647059,144.203225806452,199.275,396.804032258065,NA,NA,NA,NA,NA,NA,NA,NA,NA,NA,NA,NA,NA,NA,NA,NA,NA,NA,NA,NA,NA,NA,NA,NA,NA,NA,NA,NA,NA,NA,NA,NA,NA,NA,NA,NA,NA,NA,NA,NA,NA,NA,NA,NA,NA,NA,NA,NA,NA,NA,NA,NA,NA,NA,NA,NA,NA,NA,NA,NA,NA,NA,NA,NA,NA,NA,NA,NA,NA,NA,NA,NA,61.6,102,100,0,0,0
"23",23,2377570,99999,111,111,98.6,95,80.9,82,80,78,80,70,69,108,9200,4450,12200,14000,12700,3760,14500,4370,42000,17200,5160,6080,499.720897615708,457.729230769231,562.325245441795,550.369420289855,380.127349228611,345.478695652174,453.648948106592,364.595371669004,469.322173913043,293.143758765778,343.54696969697,416.631964809384,NA,NA,NA,NA,NA,NA,NA,NA,NA,NA,NA,NA,NA,NA,NA,NA,NA,NA,NA,NA,NA,NA,NA,NA,NA,NA,NA,NA,NA,NA,NA,NA,NA,NA,NA,NA,NA,NA,NA,NA,NA,NA,NA,NA,NA,NA,NA,NA,NA,NA,NA,NA,NA,NA,NA,NA,NA,NA,NA,NA,NA,NA,NA,NA,NA,NA,NA,NA,NA,NA,NA,NA,101,161,100,0,0,14
"24",24,2378170,99999,5.1,3.76,4.24,3.37,3.77,3.86,3.44,3.5,4.51,2.67,3.61,3.61,52.7,159,300,1540,74.3,103,293,211,93.9,52.8,220,145,9.01150537634409,12.3354901960784,13.7624731182796,19.8565185185185,8.79817204301075,9.05985185185185,12.097311827957,12.1317921146953,9.55144444444444,7.31232974910394,8.63029166666667,10.3792727272727,NA,NA,NA,NA,NA,NA,NA,NA,NA,NA,NA,NA,NA,NA,NA,NA,NA,NA,NA,NA,NA,NA,NA,NA,NA,NA,NA,NA,NA,NA,NA,NA,NA,NA,NA,NA,NA,NA,NA,NA,NA,NA,NA,NA,NA,NA,NA,NA,NA,NA,NA,NA,NA,NA,NA,NA,NA,NA,NA,NA,NA,NA,NA,NA,NA,NA,NA,NA,NA,NA,NA,NA,4.47,6.02,100,0,0,0
"25",25,2378300,99999,12.4,12,12,11,10.5,8.54,8.89,10,11,10.1,12,12,358,513,1380,6960,449,718,2180,651,2070,669,660,548,32.3434535104364,41.4365904365904,40.6013282732448,75.6678431372549,29.2597722960152,35.3742156862745,45.3719888475836,38.9562724014337,38.0561111111111,25.4913978494624,27.8592156862745,35.5271347248577,NA,NA,NA,NA,NA,NA,NA,NA,NA,NA,NA,NA,NA,NA,NA,NA,NA,NA,NA,NA,NA,NA,NA,NA,NA,NA,NA,NA,NA,NA,NA,NA,NA,NA,NA,NA,NA,NA,NA,NA,NA,NA,NA,NA,NA,NA,NA,NA,NA,NA,NA,NA,NA,NA,NA,NA,NA,NA,NA,NA,NA,NA,NA,NA,NA,NA,NA,NA,NA,NA,NA,NA,12,17.3,100,0,0,0
"26",26,2378500,99999,48.2,47,45.9,41.3,35.2,34.8,36.5,36,38.4,38.1,40,43.4,1800,1050,3920,10000,1480,1010,11900,708,5620,4900,1220,1340,113.359467040673,107.637692307692,133.859607293128,154.203913043478,96.9631136044881,96.2318181818182,134.075315568022,101.962833099579,119.193913043478,91.6333800841515,95.0386363636364,100.431085043988,NA,NA,NA,NA,NA,NA,NA,NA,NA,NA,NA,NA,NA,NA,NA,NA,NA,NA,NA,NA,NA,NA,NA,NA,NA,NA,NA,NA,NA,NA,NA,NA,NA,NA,NA,NA,NA,NA,NA,NA,NA,NA,NA,NA,NA,NA,NA,NA,NA,NA,NA,NA,NA,NA,NA,NA,NA,NA,NA,NA,NA,NA,NA,NA,NA,NA,NA,NA,NA,NA,NA,NA,43.8,61,100,0,0,10
"27",27,2398300,99999,111,227,205,187,115,105,108,78.6,75.2,68.5,81.8,105,10800,8410,11400,7370,9860,2250,4660,913,10500,7120,8600,12700,994.368279569892,1012.46755162242,1157.16935483871,843.151388888889,617.834677419355,291.001388888889,286.641129032258,201.922849462366,254.322114047288,274.004435483871,421.555652173913,812.075736325386,NA,NA,NA,NA,NA,NA,NA,NA,NA,NA,NA,NA,NA,NA,NA,NA,NA,NA,NA,NA,NA,NA,NA,NA,NA,NA,NA,NA,NA,NA,NA,NA,NA,NA,NA,NA,NA,NA,NA,NA,NA,NA,NA,NA,NA,NA,NA,NA,NA,NA,NA,NA,NA,NA,NA,NA,NA,NA,NA,NA,NA,NA,NA,NA,NA,NA,NA,NA,NA,NA,NA,NA,109,171,100,0,0,20
"28",28,2398950,99999,14,28.8,22,16.9,1.8,0.13,0.14,0.05,0.01,0.02,0.15,2.6,2100,1630,1870,1880,2520,212,772,170,4120,879,2180,1270,152.32963800905,142.196962025316,141.96797235023,116.138333333333,87.5869815668203,17.3868571428571,19.8224193548387,4.87421658986175,43.9479047619048,24.1585806451613,66.0775777777778,123.330967741935,NA,NA,NA,NA,NA,NA,NA,NA,NA,NA,NA,NA,NA,NA,NA,NA,NA,NA,NA,NA,NA,NA,NA,NA,NA,NA,NA,NA,NA,NA,NA,NA,NA,NA,NA,NA,NA,NA,NA,NA,NA,NA,NA,NA,NA,NA,NA,NA,NA,NA,NA,NA,NA,NA,NA,NA,NA,NA,NA,NA,NA,NA,NA,NA,NA,NA,NA,NA,NA,NA,NA,NA,0.2,3.12,100,0,0,0
"29",29,2399200,99999,43,107,69,29,5.44,2.26,1,0.51,0.07,0,0.63,9,10600,10100,10200,8130,12500,2450,3420,790,20900,15600,12300,11200,840.92876344086,767.871681415929,823.15752688172,577.828194444444,346.785860215054,110.214527777778,120.215215053763,42.4974193548387,146.801388888889,171.67685483871,338.018014492754,691.356802244039,NA,NA,NA,NA,NA,NA,NA,NA,NA,NA,NA,NA,NA,NA,NA,NA,NA,NA,NA,NA,NA,NA,NA,NA,NA,NA,NA,NA,NA,NA,NA,NA,NA,NA,NA,NA,NA,NA,NA,NA,NA,NA,NA,NA,NA,NA,NA,NA,NA,NA,NA,NA,NA,NA,NA,NA,NA,NA,NA,NA,NA,NA,NA,NA,NA,NA,NA,NA,NA,NA,NA,NA,2.5,21,100,0,0,16
"30",30,2400100,99999,80.4,102,150,98.3,69.5,55.1,51.7,48,44.8,50.3,48.3,51.7,7500,6280,9000,4140,4450,1640,2970,745,2260,12000,6110,5290,561.730376344086,624.169616519174,702.969086021505,525.879583333333,339.098924731183,209.864305555556,194.804435483871,140.442204301075,139.241944444444,187.833333333333,272.119420289855,405.983450210379,NA,NA,NA,NA,NA,NA,NA,NA,NA,NA,NA,NA,NA,NA,NA,NA,NA,NA,NA,NA,NA,NA,NA,NA,NA,NA,NA,NA,NA,NA,NA,NA,NA,NA,NA,NA,NA,NA,NA,NA,NA,NA,NA,NA,NA,NA,NA,NA,NA,NA,NA,NA,NA,NA,NA,NA,NA,NA,NA,NA,NA,NA,NA,NA,NA,NA,NA,NA,NA,NA,NA,NA,66.2,110,100,0,0,23
"31",31,2400500,99999,80.4,102,150,98.3,69.5,55.1,51.7,48,44.8,50.3,48.3,51.7,7500,6280,9000,4140,4450,1640,2970,745,2260,12000,6110,5290,561.730376344086,624.169616519174,702.969086021505,525.879583333333,339.098924731183,209.864305555556,194.804435483871,140.442204301075,139.241944444444,187.833333333333,272.119420289855,405.983450210379,NA,NA,NA,NA,NA,NA,NA,NA,NA,NA,NA,NA,NA,NA,NA,NA,NA,NA,NA,NA,NA,NA,NA,NA,NA,NA,NA,NA,NA,NA,NA,NA,NA,NA,NA,NA,NA,NA,NA,NA,NA,NA,NA,NA,NA,NA,NA,NA,NA,NA,NA,NA,NA,NA,NA,NA,NA,NA,NA,NA,NA,NA,NA,NA,NA,NA,NA,NA,NA,NA,NA,NA,66.2,110,100,0,0,33
"32",32,2400680,99999,16.5,22.2,22.1,21.5,11.3,8.41,9.14,7.9,7.83,7.5,7.94,8.94,2070,2010,2200,2080,1830,337,376,331,1970,1080,1620,1960,130.095852534562,131.992929292929,123.090322580645,110.203333333333,87.5645161290323,31.4484047619048,34.4165668202765,24.2329262672811,40.4927142857143,32.3236129032258,57.2478571428571,126.212557603687,NA,NA,NA,NA,NA,NA,NA,NA,NA,NA,NA,NA,NA,NA,NA,NA,NA,NA,NA,NA,NA,NA,NA,NA,NA,NA,NA,NA,NA,NA,NA,NA,NA,NA,NA,NA,NA,NA,NA,NA,NA,NA,NA,NA,NA,NA,NA,NA,NA,NA,NA,NA,NA,NA,NA,NA,NA,NA,NA,NA,NA,NA,NA,NA,NA,NA,NA,NA,NA,NA,NA,NA,9.924,18.3,100,0,0,0
"33",33,2401000,99999,48.6,102,88.2,77.4,50.2,38.5,46.7,34.3,32.2,31.1,28.8,28.9,7170,5670,5170,4190,7130,2300,1570,1270,6270,6270,7340,6930,480.438172043011,497.877581120944,543.835080645161,424.206666666667,315.829301075269,161.40625,153.716397849462,98.710752688172,130.160555555556,138.186424731183,199.094637681159,362.855399719495,NA,NA,NA,NA,NA,NA,NA,NA,NA,NA,NA,NA,NA,NA,NA,NA,NA,NA,NA,NA,NA,NA,NA,NA,NA,NA,NA,NA,NA,NA,NA,NA,NA,NA,NA,NA,NA,NA,NA,NA,NA,NA,NA,NA,NA,NA,NA,NA,NA,NA,NA,NA,NA,NA,NA,NA,NA,NA,NA,NA,NA,NA,NA,NA,NA,NA,NA,NA,NA,NA,NA,NA,48.7,82,100,0,0,17
"34",34,2401390,99999,16.5,53,53.9,31.6,15.1,10,11.3,7.76,8.09,6.9,8.58,15,8580,5540,7730,6960,7420,5850,3770,3150,7810,8110,11200,6300,449.820564516129,447.044985250737,525.109139784946,366.780277777778,225.267876344086,156.730416666667,102.012231182796,62.1286290322581,111.383069444444,112.164260752688,193.707739130435,310.71079943899,NA,NA,NA,NA,NA,NA,NA,NA,NA,NA,NA,NA,NA,NA,NA,NA,NA,NA,NA,NA,NA,NA,NA,NA,NA,NA,NA,NA,NA,NA,NA,NA,NA,NA,NA,NA,NA,NA,NA,NA,NA,NA,NA,NA,NA,NA,NA,NA,NA,NA,NA,NA,NA,NA,NA,NA,NA,NA,NA,NA,NA,NA,NA,NA,NA,NA,NA,NA,NA,NA,NA,NA,15,33,100,0,0,14
"35",35,2403310,99999,16.5,53,53.9,31.6,15.1,10,11.3,7.76,8.09,6.9,8.58,15,8580,5540,7730,6960,7420,5850,3770,3150,7810,8110,11200,6300,449.820564516129,447.044985250737,525.109139784946,366.780277777778,225.267876344086,156.730416666667,102.012231182796,62.1286290322581,111.383069444444,112.164260752688,193.707739130435,310.71079943899,NA,NA,NA,NA,NA,NA,NA,NA,NA,NA,NA,NA,NA,NA,NA,NA,NA,NA,NA,NA,NA,NA,NA,NA,NA,NA,NA,NA,NA,NA,NA,NA,NA,NA,NA,NA,NA,NA,NA,NA,NA,NA,NA,NA,NA,NA,NA,NA,NA,NA,NA,NA,NA,NA,NA,NA,NA,NA,NA,NA,NA,NA,NA,NA,NA,NA,NA,NA,NA,NA,NA,NA,15,33,100,0,0,0
"36",36,2403500,99999,42,42,49,49,50,48,46,44,43,42,41,42,60,62,64,61,59,57,53,55,52,51,52,54,49.6693548387097,53.3805309734513,55.9677419354839,55.8833333333333,55.0645161290323,51.5833333333333,49.5241935483871,48.5483870967742,46.675,46.1397849462366,46.1777777777778,47.1612903225806,NA,NA,NA,NA,NA,NA,NA,NA,NA,NA,NA,NA,NA,NA,NA,NA,NA,NA,NA,NA,NA,NA,NA,NA,NA,NA,NA,NA,NA,NA,NA,NA,NA,NA,NA,NA,NA,NA,NA,NA,NA,NA,NA,NA,NA,NA,NA,NA,NA,NA,NA,NA,NA,NA,NA,NA,NA,NA,NA,NA,NA,NA,NA,NA,NA,NA,NA,NA,NA,NA,NA,NA,43,47,100,0,0,6
"37",37,2404000,99999,42,42,49,49,50,48,46,44,43,42,41,42,60,62,64,61,59,57,53,55,52,51,52,54,49.6693548387097,53.3805309734513,55.9677419354839,55.8833333333333,55.0645161290323,51.5833333333333,49.5241935483871,48.5483870967742,46.675,46.1397849462366,46.1777777777778,47.1612903225806,NA,NA,NA,NA,NA,NA,NA,NA,NA,NA,NA,NA,NA,NA,NA,NA,NA,NA,NA,NA,NA,NA,NA,NA,NA,NA,NA,NA,NA,NA,NA,NA,NA,NA,NA,NA,NA,NA,NA,NA,NA,NA,NA,NA,NA,NA,NA,NA,NA,NA,NA,NA,NA,NA,NA,NA,NA,NA,NA,NA,NA,NA,NA,NA,NA,NA,NA,NA,NA,NA,NA,NA,43,47,100,0,0,28
"38",38,2404400,99999,154,283,316,219,141,118,117,82.2,83.3,79.1,90.4,111,12200,11200,13900,9660,23300,7800,6120,3940,5730,14800,10600,13400,1005.70741758242,1257.03511450382,1457.46368715084,1103.27450980392,851.100806451613,518.611111111111,466.692204301075,314.754435483871,286.018611111111,334.651209677419,499.333768115942,769.338483146067,NA,NA,NA,NA,NA,NA,NA,NA,NA,NA,NA,NA,NA,NA,NA,NA,NA,NA,NA,NA,NA,NA,NA,NA,NA,NA,NA,NA,NA,NA,NA,NA,NA,NA,NA,NA,NA,NA,NA,NA,NA,NA,NA,NA,NA,NA,NA,NA,NA,NA,NA,NA,NA,NA,NA,NA,NA,NA,NA,NA,NA,NA,NA,NA,NA,NA,NA,NA,NA,NA,NA,NA,141,244,100,0,0,24
"39",39,2405500,99999,8.91,59.9,70.6,23.6,7.97,5.5,2.9,3.4,2.6,1.7,3.9,6.73,8250,6100,9560,10000,8960,5460,5160,2990,11000,7000,8080,8050,612.742384823848,637.461946902655,693.826209677419,495.18125,266.086169354839,179.796559888579,112.968402203857,67.2448493150685,117.992694524496,113.181321525886,244.180463768116,438.730702247191,1.4,3.3,7.8,12.2,14.3,21.8,21.6,21.2,19.6,10.5,6.1,3.5,14,15.1,19.7,22.3,25.8,27.9,29.4,29.2,27.2,22.2,20.5,17.8,7.72692307692308,9.41015228426396,13.9821596244131,17.4238095238095,20.9990783410138,25.1402912621359,26.3149193548387,25.8931818181818,23.3992424242424,17.7848739495798,12.1364806866953,9.95428571428571,NA,NA,NA,NA,NA,NA,NA,NA,NA,NA,NA,NA,NA,NA,NA,NA,NA,NA,NA,NA,NA,NA,NA,NA,NA,NA,NA,NA,NA,NA,NA,NA,NA,NA,NA,NA,6.4,22,99.4009216589862,31.9009216589862,0,23
"40",40,2406500,99999,54.9,75,102,87.6,51.3,43.7,41.5,36.5,33.7,32.6,34,36.6,5430,6700,6590,7860,10600,3010,3160,772,4450,5610,6370,6710,308.518413978495,401.67389380531,440.845430107527,364.009722222222,271.929166666667,170.417361111111,145.895295698925,105.117204301075,94.4304166666667,106.285483870968,159.774347826087,256.171248246844,NA,NA,NA,NA,NA,NA,NA,NA,NA,NA,NA,NA,NA,NA,NA,NA,NA,NA,NA,NA,NA,NA,NA,NA,NA,NA,NA,NA,NA,NA,NA,NA,NA,NA,NA,NA,NA,NA,NA,NA,NA,NA,NA,NA,NA,NA,NA,NA,NA,NA,NA,NA,NA,NA,NA,NA,NA,NA,NA,NA,NA,NA,NA,NA,NA,NA,NA,NA,NA,NA,NA,NA,47.8,85,100,0,0,26
"41",41,2407000,99999,2130,2350,3400,2330,1920,1330,1120,1310,-160,487,1830,2070,61600,45200,40000,76700,74300,24900,44700,25800,19800,15500,34200,58800,21539.7419354839,18640.4929577465,15264.1935483871,14790.0666666667,12067.4193548387,6064.27631578947,6295.2688172043,4634.94623655914,4311.33888888889,4406,7018.06666666667,18673.6774193548,NA,NA,NA,NA,NA,NA,NA,NA,NA,NA,NA,NA,NA,NA,NA,NA,NA,NA,NA,NA,NA,NA,NA,NA,NA,NA,NA,NA,NA,NA,NA,NA,NA,NA,NA,NA,NA,NA,NA,NA,NA,NA,NA,NA,NA,NA,NA,NA,NA,NA,NA,NA,NA,NA,NA,NA,NA,NA,NA,NA,NA,NA,NA,NA,NA,NA,NA,NA,NA,NA,NA,NA,1770,3290,100,0,0,31
"42",42,2407514,99999,8.08,44.8,33.7,13.1,2.57,1.33,0.87,0.33,0.3,0.28,1.51,6.52,3550,3130,9000,7840,2310,646,1810,3890,1680,1740,5030,5090,405.938944281525,448.393569131833,479.067741935484,327.901212121212,185.346920821114,41.0429090909091,35.5079472140762,101.325307917889,60.6167781155015,62.28,126.559363636364,378.070439882698,0,1.1,6.3,11.4,16.1,20,21.5,19.6,15.9,9.2,3.3,2.1,14.8,15.7,19.6,20.8,25.6,28.1,29,29.1,27,21.7,20.2,17.7,7.1616935483871,8.69336283185841,13.2477366255144,17.0642458100559,20.3738461538462,24.5256880733945,25.8082089552239,25.1304659498208,22.4569288389513,16.589928057554,10.80875,9.10120967741936,NA,NA,NA,NA,NA,NA,NA,NA,NA,NA,NA,NA,NA,NA,NA,NA,NA,NA,NA,NA,NA,NA,NA,NA,NA,NA,NA,NA,NA,NA,NA,NA,NA,NA,NA,NA,2.137,9.065,100,71.3685770750988,0,0
"43",43,2408500,99999,8.08,44.8,33.7,13.1,2.57,1.33,0.87,0.33,0.3,0.28,1.51,6.52,3550,3130,9000,7840,2310,646,1810,3890,1680,1740,5030,5090,405.938944281525,448.393569131833,479.067741935484,327.901212121212,185.346920821114,41.0429090909091,35.5079472140762,101.325307917889,60.6167781155015,62.28,126.559363636364,378.070439882698,0,1.1,6.3,11.4,16.1,20,21.5,19.6,15.9,9.2,3.3,2.1,14.8,15.7,19.6,20.8,25.6,28.1,29,29.1,27,21.7,20.2,17.7,7.1616935483871,8.69336283185841,13.2477366255144,17.0642458100559,20.3738461538462,24.5256880733945,25.8082089552239,25.1304659498208,22.4569288389513,16.589928057554,10.80875,9.10120967741936,NA,NA,NA,NA,NA,NA,NA,NA,NA,NA,NA,NA,NA,NA,NA,NA,NA,NA,NA,NA,NA,NA,NA,NA,NA,NA,NA,NA,NA,NA,NA,NA,NA,NA,NA,NA,2.137,9.065,100,71.3685770750988,0,9
"44",44,2408540,99999,75.3,116,115,83.7,38.4,15.2,6.6,3.17,3.68,5.14,9.6,30,9340,7510,11800,9250,8150,4760,5930,6680,12100,19500,7730,6540,549.651209677419,693.969026548673,779.733870967742,590.728472222222,358.309543010753,256.565138888889,210.325268817204,146.069892473118,152.051263888889,156.210739247312,258.721666666667,458.294109396914,NA,NA,NA,NA,NA,NA,NA,NA,NA,NA,NA,NA,NA,NA,NA,NA,NA,NA,NA,NA,NA,NA,NA,NA,NA,NA,NA,NA,NA,NA,NA,NA,NA,NA,NA,NA,NA,NA,NA,NA,NA,NA,NA,NA,NA,NA,NA,NA,NA,NA,NA,NA,NA,NA,NA,NA,NA,NA,NA,NA,NA,NA,NA,NA,NA,NA,NA,NA,NA,NA,NA,NA,25.62,86,100,0,0,9
"45",45,2410000,99999,75.3,116,115,83.7,38.4,15.2,6.6,3.17,3.68,5.14,9.6,30,9340,7510,11800,9250,8150,4760,5930,6680,12100,19500,7730,6540,549.651209677419,693.969026548673,779.733870967742,590.728472222222,358.309543010753,256.565138888889,210.325268817204,146.069892473118,152.051263888889,156.210739247312,258.721666666667,458.294109396914,NA,NA,NA,NA,NA,NA,NA,NA,NA,NA,NA,NA,NA,NA,NA,NA,NA,NA,NA,NA,NA,NA,NA,NA,NA,NA,NA,NA,NA,NA,NA,NA,NA,NA,NA,NA,NA,NA,NA,NA,NA,NA,NA,NA,NA,NA,NA,NA,NA,NA,NA,NA,NA,NA,NA,NA,NA,NA,NA,NA,NA,NA,NA,NA,NA,NA,NA,NA,NA,NA,NA,NA,25.62,86,100,0,0,6
"46",46,2411000,99999,1590,2010,2140,3280,2760,2170,2020,2050,1450,1580,1290,1540,133000,130000,146000,145000,122000,61100,83400,45000,66800,149000,114000,102000,21435.5760368664,24094.13153457,27602.7342549923,19294.4126984127,14622.1966205837,8772.7619047619,8727.06605222734,6129.26267281106,6618.55325914149,8363.58064516129,11720.45,16685.8064516129,NA,NA,NA,NA,NA,NA,NA,NA,NA,NA,NA,NA,NA,NA,NA,NA,NA,NA,NA,NA,NA,NA,NA,NA,NA,NA,NA,NA,NA,NA,NA,NA,NA,NA,NA,NA,NA,NA,NA,NA,NA,NA,NA,NA,NA,NA,NA,NA,NA,NA,NA,NA,NA,NA,NA,NA,NA,NA,NA,NA,NA,NA,NA,NA,NA,NA,NA,NA,NA,NA,NA,NA,2300,4260,100,0,0,26
"47",47,2412000,99999,89.3,171,246,148,60.5,19.7,15.7,8.85,5.94,0.54,9.32,31.9,8610,7800,10800,6760,11700,2900,6600,2760,5160,11900,6980,8790,796.234677419355,965.035398230089,1091.90456989247,825.625,573.402956989247,335.905277777778,373.596102150538,202.006586021505,190.63525,241.801680107527,417.883782608696,648.850210378682,NA,NA,NA,NA,NA,NA,NA,NA,NA,NA,NA,NA,NA,NA,NA,NA,NA,NA,NA,NA,NA,NA,NA,NA,NA,NA,NA,NA,NA,NA,NA,NA,NA,NA,NA,NA,NA,NA,NA,NA,NA,NA,NA,NA,NA,NA,NA,NA,NA,NA,NA,NA,NA,NA,NA,NA,NA,NA,NA,NA,NA,NA,NA,NA,NA,NA,NA,NA,NA,NA,NA,NA,29.42,144,100,0,0,16
"48",48,2413300,99999,112,184,230,147,58.4,23.7,16.4,3.79,3.31,5.6,14.9,36.4,7130,6820,9510,7340,10700,4630,5740,1350,6280,9830,5370,7910,743.013440860215,950.032448377581,1067.66397849462,780.4125,522.973924731183,330.834444444444,359.763709677419,188.9703125,221.4056545961,242.691104972376,414.689855072464,610.89270687237,NA,NA,NA,NA,NA,NA,NA,NA,NA,NA,NA,NA,NA,NA,NA,NA,NA,NA,NA,NA,NA,NA,NA,NA,NA,NA,NA,NA,NA,NA,NA,NA,NA,NA,NA,NA,NA,NA,NA,NA,NA,NA,NA,NA,NA,NA,NA,NA,NA,NA,NA,NA,NA,NA,NA,NA,NA,NA,NA,NA,NA,NA,NA,NA,NA,NA,NA,NA,NA,NA,NA,NA,33.97,135,100,0,0,22
"49",49,2414500,99999,137,145,182,155,118,94,92,96,74,89,100,120,22400,23700,28700,19400,103000,13500,26000,6930,9680,26900,18500,20400,3406.5873655914,4233.05014749263,4732.65053763441,2726.23055555556,2603.15591397849,1705.55694444444,1859.7997311828,1169.16666666667,981.516111111111,1409.32795698925,2154.43188405797,2826.89060308555,NA,NA,NA,NA,NA,NA,NA,NA,NA,NA,NA,NA,NA,NA,NA,NA,NA,NA,NA,NA,NA,NA,NA,NA,NA,NA,NA,NA,NA,NA,NA,NA,NA,NA,NA,NA,NA,NA,NA,NA,NA,NA,NA,NA,NA,NA,NA,NA,NA,NA,NA,NA,NA,NA,NA,NA,NA,NA,NA,NA,NA,NA,NA,NA,NA,NA,NA,NA,NA,NA,NA,NA,192,523,100,0,0,22
"50",50,2414715,99999,317,506,696,383,262,180,191,123,109,112,131,158,28800,34000,38100,31900,108000,20400,56500,7360,12700,42000,29900,25100,4118.56182795699,5121.87610619469,5892.051212938,3783.15449438202,3252.36657681941,2123.7125,2258.73252688172,1394.21370967742,1157.01527777778,1644.17204301075,2563.16811594203,3475.16129032258,NA,NA,NA,NA,NA,NA,NA,NA,NA,NA,NA,NA,NA,NA,NA,NA,NA,NA,NA,NA,NA,NA,NA,NA,NA,NA,NA,NA,NA,NA,NA,NA,NA,NA,NA,NA,NA,NA,NA,NA,NA,NA,NA,NA,NA,NA,NA,NA,NA,NA,NA,NA,NA,NA,NA,NA,NA,NA,NA,NA,NA,NA,NA,NA,NA,NA,NA,NA,NA,NA,NA,NA,257,767,100,0,0,22
"51",51,2415000,99999,49,74.9,100,80,24.8,9.5,5.7,2.1,3.66,2.96,7.57,20,7680,6480,8540,7090,12900,3530,5150,2470,4160,10400,5190,4620,399.51438172043,520.234513274336,593.817204301075,433.966666666667,289.556586021505,190.160972222222,171.410752688172,98.1679704301075,95.8807402234637,103.98350473613,192.970405797101,329.126825842697,NA,NA,NA,NA,NA,NA,NA,NA,NA,NA,NA,NA,NA,NA,NA,NA,NA,NA,NA,NA,NA,NA,NA,NA,NA,NA,NA,NA,NA,NA,NA,NA,NA,NA,NA,NA,NA,NA,NA,NA,NA,NA,NA,NA,NA,NA,NA,NA,NA,NA,NA,NA,NA,NA,NA,NA,NA,NA,NA,NA,NA,NA,NA,NA,NA,NA,NA,NA,NA,NA,NA,NA,16,63.1,99.8965992647059,0,0,11
"52",52,2418230,99999,16.8,16.9,26,27.5,11.8,7.18,6.21,5.12,3.7,2.47,5.81,6.78,1950,1930,4210,3080,1710,1140,3440,915,1460,773,2770,6530,90.8715370018975,136.701247401247,185.271347248577,148.032352941176,68.3749525616698,55.0471764705882,62.4444022770398,43.7689563567362,31.8696470588235,30.6271726755218,59.6898605577689,119.651347248577,NA,NA,NA,NA,NA,NA,NA,NA,NA,NA,NA,NA,NA,NA,NA,NA,NA,NA,NA,NA,NA,NA,NA,NA,NA,NA,NA,NA,NA,NA,NA,NA,NA,NA,NA,NA,NA,NA,NA,NA,NA,NA,NA,NA,NA,NA,NA,NA,NA,NA,NA,NA,NA,NA,NA,NA,NA,NA,NA,NA,NA,NA,NA,NA,NA,NA,NA,NA,NA,NA,NA,NA,8.4705,19,100,0,0,0
"53",53,2418500,99999,365,387,390,241,281,810,536,175,448,80,356,368,18300,25600,40800,51200,94000,26100,68900,11400,18300,36200,23400,19000,5303.30721966206,5879.39123102867,6042.45622119816,3937.96825396825,3895.86482334869,3106.58095238095,3545.49155145929,2500.82795698925,2480.79968203498,3223.97419354839,4546.74,5205.16774193548,NA,NA,NA,NA,NA,NA,NA,NA,NA,NA,NA,NA,NA,NA,NA,NA,NA,NA,NA,NA,NA,NA,NA,NA,NA,NA,NA,NA,NA,NA,NA,NA,NA,NA,NA,NA,NA,NA,NA,NA,NA,NA,NA,NA,NA,NA,NA,NA,NA,NA,NA,NA,NA,NA,NA,NA,NA,NA,NA,NA,NA,NA,NA,NA,NA,NA,NA,NA,NA,NA,NA,NA,697,1370,100,0,0,28
"54",54,2418760,99999,4.37,6.1,9.6,7.82,1.19,0.6,0.6,0.2,0.15,0.33,0.6,0.79,931,1710,2340,2040,974,521,2740,3830,831,347,1810,2470,51.1126267281106,86.2076262626263,94.3354838709677,87.6648333333333,44.1312211981567,39.6002619047619,44.3192165898618,38.4148717948718,18.9600476190476,16.7326419213974,29.0489285714286,69.4722119815668,NA,NA,NA,NA,NA,NA,NA,NA,NA,NA,NA,NA,NA,NA,NA,NA,NA,NA,NA,NA,NA,NA,NA,NA,NA,NA,NA,NA,NA,NA,NA,NA,NA,NA,NA,NA,NA,NA,NA,NA,NA,NA,NA,NA,NA,NA,NA,NA,NA,NA,NA,NA,NA,NA,NA,NA,NA,NA,NA,NA,NA,NA,NA,NA,NA,NA,NA,NA,NA,NA,NA,NA,2.49,9.18,100,0,0,0
"55",55,2419000,99999,18.1,62.5,91.5,54.7,13.6,7.97,6.5,6.96,8.1,6.9,10.8,19,7490,8290,18400,11600,4070,2680,19700,5450,2400,5680,12100,18100,458.005376344086,693.572123893805,867.897177419355,572.431944444444,197.374327956989,156.600347222222,248.172123655914,104.127688172043,60.8805,100.219717741935,170.756956521739,467.104207573633,NA,NA,NA,NA,NA,NA,NA,NA,NA,NA,NA,NA,NA,NA,NA,NA,NA,NA,NA,NA,NA,NA,NA,NA,NA,NA,NA,NA,NA,NA,NA,NA,NA,NA,NA,NA,NA,NA,NA,NA,NA,NA,NA,NA,NA,NA,NA,NA,NA,NA,NA,NA,NA,NA,NA,NA,NA,NA,NA,NA,NA,NA,NA,NA,NA,NA,NA,NA,NA,NA,NA,NA,15.1,40,100,0,0,17
"56",56,2419890,99999,606,951,926,522,403,1050,547,346,570,256,485,510,56700,47600,82000,72100,70500,29200,69200,17600,22600,56300,48300,75400,8337.82181259601,9107.15151515152,9745.79569892473,7273.61746031746,5181.18433179724,3888.68253968254,4033.60675883257,2784.15975422427,2645.54299363057,3386.72140762463,5448.32222222222,7774.40706605223,5.7,7,8.6,13.3,14.8,17.2,19.7,22.2,21,15.2,11.9,6.9,16.1,17,22.1,26,27.3,29,30.9,31.9,28.4,26.2,20.8,18.5,10.639762611276,10.8726688102894,14.7929618768328,17.9449230769231,21.0415151515152,24.4455479452055,26.1937869822485,26.9494594594595,24.8774928774929,20.6592286501377,16.082298136646,12.7872403560831,NA,NA,NA,NA,NA,NA,NA,NA,NA,NA,NA,NA,NA,NA,NA,NA,NA,NA,NA,NA,NA,NA,NA,NA,NA,NA,NA,NA,NA,NA,NA,NA,NA,NA,NA,NA,944,1700,99.9740327187743,52.1552843417294,0,0
"57",57,2420000,99999,2370,4270,3490,3270,3690,2270,2700,2720,2670,1620,1320,1580,133000,107000,129000,147000,149000,77100,127000,70200,82000,94200,119000,169000,30328.688172043,31506.5801886792,31729.0322580645,26891.5111111111,22478.3440860215,12282.9555555556,13557.1058315335,9694.45161290323,9956.37777777778,10631.8864097363,18635.3777777778,30260.7543103448,NA,NA,NA,NA,NA,NA,NA,NA,NA,NA,NA,NA,NA,NA,NA,NA,NA,NA,NA,NA,NA,NA,NA,NA,NA,NA,NA,NA,NA,NA,NA,NA,NA,NA,NA,NA,NA,NA,NA,NA,NA,NA,NA,NA,NA,NA,NA,NA,NA,NA,NA,NA,NA,NA,NA,NA,NA,NA,NA,NA,NA,NA,NA,NA,NA,NA,NA,NA,NA,NA,NA,NA,4041.5,6620,100,0,0,30
"58",58,2421000,99999,5.73,15.1,30.2,7.43,0.85,0.28,0.15,0.02,0.09,0.02,0.14,0.28,7360,12600,23600,16500,4860,3520,19900,8960,9030,6860,9400,18900,460.95814516129,738.673451327434,861.188037634409,468.117902777778,152.037782258065,114.433597222222,192.053655913979,112.464045698925,80.4175972222222,70.2539919354839,166.999768115942,448.229957924264,NA,NA,NA,NA,NA,NA,NA,NA,NA,NA,NA,NA,NA,NA,NA,NA,NA,NA,NA,NA,NA,NA,NA,NA,NA,NA,NA,NA,NA,NA,NA,NA,NA,NA,NA,NA,NA,NA,NA,NA,NA,NA,NA,NA,NA,NA,NA,NA,NA,NA,NA,NA,NA,NA,NA,NA,NA,NA,NA,NA,NA,NA,NA,NA,NA,NA,NA,NA,NA,NA,NA,NA,1.01,8.54,100,0,0,16
"59",59,2422000,99999,5.73,15.1,30.2,7.43,0.85,0.28,0.15,0.02,0.09,0.02,0.14,0.28,7360,12600,23600,16500,4860,3520,19900,8960,9030,6860,9400,18900,460.95814516129,738.673451327434,861.188037634409,468.117902777778,152.037782258065,114.433597222222,192.053655913979,112.464045698925,80.4175972222222,70.2539919354839,166.999768115942,448.229957924264,NA,NA,NA,NA,NA,NA,NA,NA,NA,NA,NA,NA,NA,NA,NA,NA,NA,NA,NA,NA,NA,NA,NA,NA,NA,NA,NA,NA,NA,NA,NA,NA,NA,NA,NA,NA,NA,NA,NA,NA,NA,NA,NA,NA,NA,NA,NA,NA,NA,NA,NA,NA,NA,NA,NA,NA,NA,NA,NA,NA,NA,NA,NA,NA,NA,NA,NA,NA,NA,NA,NA,NA,1.01,8.54,100,0,0,12
"60",60,2422500,99999,60.6,96.7,117,76,45,39,29,26,26.2,27,35,43.7,5790,5460,5460,5220,4750,3970,5280,1450,3570,2360,5420,6590,389.602150537634,480.468289085546,537.57123655914,375.702222222222,208.597043010753,170.150416666667,170.828360215054,115.178360215054,117.991061452514,101.341129032258,177.590579710145,288.466199158485,NA,NA,NA,NA,NA,NA,NA,NA,NA,NA,NA,NA,NA,NA,NA,NA,NA,NA,NA,NA,NA,NA,NA,NA,NA,NA,NA,NA,NA,NA,NA,NA,NA,NA,NA,NA,NA,NA,NA,NA,NA,NA,NA,NA,NA,NA,NA,NA,NA,NA,NA,NA,NA,NA,NA,NA,NA,NA,NA,NA,NA,NA,NA,NA,NA,NA,NA,NA,NA,NA,NA,NA,45.3,82,100,0,0,10
"61",61,2423000,99999,60.6,96.7,117,76,45,39,29,26,26.2,27,35,43.7,5790,5460,5460,5220,4750,3970,5280,1450,3570,2360,5420,6590,389.602150537634,480.468289085546,537.57123655914,375.702222222222,208.597043010753,170.150416666667,170.828360215054,115.178360215054,117.991061452514,101.341129032258,177.590579710145,288.466199158485,NA,NA,NA,NA,NA,NA,NA,NA,NA,NA,NA,NA,NA,NA,NA,NA,NA,NA,NA,NA,NA,NA,NA,NA,NA,NA,NA,NA,NA,NA,NA,NA,NA,NA,NA,NA,NA,NA,NA,NA,NA,NA,NA,NA,NA,NA,NA,NA,NA,NA,NA,NA,NA,NA,NA,NA,NA,NA,NA,NA,NA,NA,NA,NA,NA,NA,NA,NA,NA,NA,NA,NA,45.3,82,100,0,0,27
"62",62,2423130,99999,0.78,0,3.4,0.23,0,0,0,0,0,0,0,0,1580,1210,1520,2000,2160,963,638,1130,1780,1450,1690,952,52.4176747311828,50.8834660766962,65.6335887096774,47.1797777777778,32.7703360215054,24.9555277777778,19.4148387096774,11.5855241935484,20.6192916666667,13.6890042075736,29.892652173913,36.379649368864,2,3.8,3.4,11.4,13.7,17.1,20.2,19.6,16.7,8.7,7,2.1,14.8,16.3,19.9,21.6,25.3,28.2,28.9,29.7,26.8,25.1,21.4,17.3,8.75943113772455,9.88057663125948,13.0780619111709,16.3024285714286,19.5817663817664,23.035873015873,24.8161030595813,24.8127012522361,22.5027272727273,17.7001655629139,12.9724080267559,9.87111459968603,4,6.5,6,5.2,2.4,1.8,1,1.5,1.9,1.7,2.8,4.6,14.8,13.9,12.9,13.7,11.5,9.4,10.6,9.8,9.7,12.2,14.5,14.7,10.9555555555556,10.7795302013423,10.0604511278195,9.08229007633588,8.48882438316401,7.44055944055944,6.78660194174757,6.74844720496894,6.77460317460317,7.71473296500921,8.97232472324723,10.3311475409836,0.02,2.3,99.6438828259621,88.1217690982194,79.1384261918438,0
"63",63,2423380,99999,12.3,52.5,66.5,22.2,9.44,3.12,5.12,3.06,3.31,2.8,3.4,8.43,7540,5530,8550,10700,17600,5960,3090,4550,6750,6510,5070,6900,415.511424731183,420.133628318584,498.029166666667,367.631111111111,230.129731182796,171.405777777778,135.182459677419,88.9022983870968,134.959069444444,98.684435483871,180.387884057971,306.627559607293,NA,NA,NA,NA,NA,NA,NA,NA,NA,NA,NA,NA,NA,NA,NA,NA,NA,NA,NA,NA,NA,NA,NA,NA,NA,NA,NA,NA,NA,NA,NA,NA,NA,NA,NA,NA,NA,NA,NA,NA,NA,NA,NA,NA,NA,NA,NA,NA,NA,NA,NA,NA,NA,NA,NA,NA,NA,NA,NA,NA,NA,NA,NA,NA,NA,NA,NA,NA,NA,NA,NA,NA,10,33,100,0,0,26
"64",64,2423397,99999,6.6,8.84,7.07,9.83,4.7,3.91,4.4,2.79,2.73,3.8,3.1,4.21,1080,755,868,1430,1460,1340,651,458,1080,509,1100,682,50.0791850594227,54.2617318435754,56.0810865874363,48.338649122807,33.3157555178268,31.0743931623932,23.585064516129,16.2779677419355,24.1524166666667,16.8896056782334,29.2047166666667,40.3083870967742,6.4,5.2,7.6,12.2,14.2,18.4,20.4,19.5,16.3,12.2,8.8,6.6,17,17.6,20.1,21.1,22.8,24.4,25.7,25.6,24.5,22.3,20.5,18.5,11.170618556701,12.0514018691589,14.7293193717277,17.5135087719298,19.8164965986395,21.930701754386,22.9142164781906,22.8787096774194,21.1903333333333,17.8620860927152,14.4858108108108,12.0302631578947,5.1,4.9,4.4,4.8,5.5,5.3,4.6,4,4.5,5,5,6.2,13.5,12.5,11.6,11.4,10.9,8.7,11.1,12.7,10.6,23.9,10.8,12.6,10.0265420560748,9.82768031189084,9.22395437262357,8.26481481481481,7.3871609403255,7.02606177606178,6.98812056737589,6.9890625,6.94115456238361,7.38800675675676,8.14027777777778,9.46094276094276,5.61,10,100,98.7138263665595,92.604501607717,0
"65",65,2423400,99999,8.78,14.3,15.7,14.2,10.1,4.71,3.36,2.94,4.55,4.73,2.93,2.81,1140,1050,1260,1870,487,1670,632,955,2190,914,1120,1190,78.6518406072106,73.2236673773987,85.1655241935484,63.2014583333333,37.2469758064516,36.8798431372549,29.0528842504744,24.3463187855787,32.7774901960784,25.0162808349146,34.5397708333333,58.6809274193548,NA,NA,NA,NA,NA,NA,NA,NA,NA,NA,NA,NA,NA,NA,NA,NA,NA,NA,NA,NA,NA,NA,NA,NA,NA,NA,NA,NA,NA,NA,NA,NA,NA,NA,NA,NA,NA,NA,NA,NA,NA,NA,NA,NA,NA,NA,NA,NA,NA,NA,NA,NA,NA,NA,NA,NA,NA,NA,NA,NA,NA,NA,NA,NA,NA,NA,NA,NA,NA,NA,NA,NA,7.452,13.1,100,0,0,0
"66",66,2423414,99999,3.99,2.7,6.39,5.76,8.16,6.23,5.78,3.33,3.97,1.32,2.41,2.31,1350,1550,1350,2560,586,429,752,682,1990,452,1800,1190,109.717717121588,144.013342391304,140.966228287841,122.324615384615,80.301017369727,61.1368717948718,61.0596774193548,62.9813594470046,79.7085714285714,65.1454838709677,71.6015128205128,83.362729528536,NA,NA,NA,NA,NA,NA,NA,NA,NA,NA,NA,NA,NA,NA,NA,NA,NA,NA,NA,NA,NA,NA,NA,NA,NA,NA,NA,NA,NA,NA,NA,NA,NA,NA,NA,NA,NA,NA,NA,NA,NA,NA,NA,NA,NA,NA,NA,NA,NA,NA,NA,NA,NA,NA,NA,NA,NA,NA,NA,NA,NA,NA,NA,NA,NA,NA,NA,NA,NA,NA,NA,NA,9.65,42.1,100,0,0,0
"67",67,2423425,99999,2.1,8.43,7,4.19,2.4,1.72,2.63,2.59,2.4,0.92,2,2.6,9120,6000,5120,11300,16700,9980,3250,3920,12000,2080,9740,5230,426.893822580645,489.429557522124,533.867741935484,442.967766666667,255.805903225806,202.49175,128.780128205128,81.6256528417819,150.085555555556,67.2364976958525,169.03905,303.834419354839,NA,NA,NA,NA,NA,NA,NA,NA,NA,NA,NA,NA,NA,NA,NA,NA,NA,NA,NA,NA,NA,NA,NA,NA,NA,NA,NA,NA,NA,NA,NA,NA,NA,NA,NA,NA,NA,NA,NA,NA,NA,NA,NA,NA,NA,NA,NA,NA,NA,NA,NA,NA,NA,NA,NA,NA,NA,NA,NA,NA,NA,NA,NA,NA,NA,NA,NA,NA,NA,NA,NA,NA,4.3,12.4,100,0,0,34
"68",68,2423496,99999,8.29,15,20,13.1,4.97,4.6,4.4,3.7,2.5,1.5,3.3,5.6,11300,6740,11500,12500,15100,8380,5290,5230,11900,7900,10200,6780,615.819274193548,633.147640117994,732.390591397849,531.606944444444,313.75251344086,231.655138888889,174.001465053763,109.944825268817,194.725375,131.352043010753,258.06631884058,421.169214586255,1.3,2.9,6.3,12.4,14.2,19.6,22.2,22.6,18.2,11.1,6,2,14.5,15.9,21.6,23.8,28.2,30.2,30.5,31.2,28.9,25.1,21.7,18.5,8.28306451612903,9.67406296851574,13.700956284153,17.9255586592179,22.1601408450704,25.7548435171386,27.3039242219215,27.1689890710383,24.3866385372714,18.6478693181818,13.1247360482655,9.65893108298172,6.7,6.7,6.3,4.4,3.6,3.9,3.7,3.4,2,4.7,4.8,5.5,14.9,14,14.3,11.8,9.9,10.8,12.1,10.1,8.9,10.8,12.5,14,11.6199346405229,11.1001692047377,10.1483128834356,8.72349914236707,7.28961661341853,6.70809523809524,6.48114035087719,6.31888888888889,6.55481727574751,7.69933884297521,9.0809199318569,10.4966666666667,7.3,21,100,97.6450315910396,84.6869615163699,0
"69",69,2423500,99999,22.8,39,32.2,18.9,14.4,13.6,13,12.6,13,11,14,18.1,11900,7090,12100,14300,13600,9090,5750,5330,12400,8250,10500,6680,668.510215053763,692.981120943953,791.96626344086,583.212916666667,349.324596774194,258.933888888889,198.858198924731,132.331720430108,222.438055555556,153.300940860215,298.419855072464,469.221739130435,NA,NA,NA,NA,NA,NA,NA,NA,NA,NA,NA,NA,NA,NA,NA,NA,NA,NA,NA,NA,NA,NA,NA,NA,NA,NA,NA,NA,NA,NA,NA,NA,NA,NA,NA,NA,NA,NA,NA,NA,NA,NA,NA,NA,NA,NA,NA,NA,NA,NA,NA,NA,NA,NA,NA,NA,NA,NA,NA,NA,NA,NA,NA,NA,NA,NA,NA,NA,NA,NA,NA,NA,18.9,35.2,100,0,0,34
"70",70,2423547,99999,22.8,39,32.2,18.9,14.4,13.6,13,12.6,13,11,14,18.1,11900,7090,12100,14300,13600,9090,5750,5330,12400,8250,10500,6680,668.510215053763,692.981120943953,791.96626344086,583.212916666667,349.324596774194,258.933888888889,198.858198924731,132.331720430108,222.438055555556,153.300940860215,298.419855072464,469.221739130435,NA,NA,NA,NA,NA,NA,NA,NA,NA,NA,NA,NA,NA,NA,NA,NA,NA,NA,NA,NA,NA,NA,NA,NA,NA,NA,NA,NA,NA,NA,NA,NA,NA,NA,NA,NA,NA,NA,NA,NA,NA,NA,NA,NA,NA,NA,NA,NA,NA,NA,NA,NA,NA,NA,NA,NA,NA,NA,NA,NA,NA,NA,NA,NA,NA,NA,NA,NA,NA,NA,NA,NA,18.9,35.2,100,0,0,0
"71",71,2423555,99999,55,81,70.6,46.1,31.5,27.7,23.8,25,20.5,20,25,26.2,14300,9020,14400,17400,14900,8920,7250,5470,13600,8760,13800,8510,911.828110599078,977.741077441077,1111.24992319508,838.38619047619,517.891551459293,384.027301587302,297.48202764977,222.136405529954,320.189523809524,210.722727272727,420.178253968254,646.116282642089,NA,NA,NA,NA,NA,NA,NA,NA,NA,NA,NA,NA,NA,NA,NA,NA,NA,NA,NA,NA,NA,NA,NA,NA,NA,NA,NA,NA,NA,NA,NA,NA,NA,NA,NA,NA,NA,NA,NA,NA,NA,NA,NA,NA,NA,NA,NA,NA,NA,NA,NA,NA,NA,NA,NA,NA,NA,NA,NA,NA,NA,NA,NA,NA,NA,NA,NA,NA,NA,NA,NA,NA,39.8,79,100,0,0,0
"72",72,2423630,99999,11.7,21.3,18.4,10.4,6.57,3.51,3.1,2.13,1.3,0.5,0.37,6.54,2940,2520,3170,4740,3310,1960,2200,1380,4670,1140,3100,2270,201.8480475382,228.63426443203,246.007130730051,186.296315789474,111.407062818336,77.1045964912281,68.7724957555178,55.2919694397284,76.2640877192982,43.2515993537964,92.9485964912281,158.157962648557,NA,NA,NA,NA,NA,NA,NA,NA,NA,NA,NA,NA,NA,NA,NA,NA,NA,NA,NA,NA,NA,NA,NA,NA,NA,NA,NA,NA,NA,NA,NA,NA,NA,NA,NA,NA,NA,NA,NA,NA,NA,NA,NA,NA,NA,NA,NA,NA,NA,NA,NA,NA,NA,NA,NA,NA,NA,NA,NA,NA,NA,NA,NA,NA,NA,NA,NA,NA,NA,NA,NA,NA,5.2945,15.3,100,0,0,18
"73",73,2424000,99999,203,370,393,274,176,140,127,94.2,110,116,119,162,36500,21700,34900,35400,22200,12100,19900,10200,24400,19900,27900,21300,2513.56586021505,2795.63864306785,3105.54704301075,2273.39583333333,1262.49059139785,943.226388888889,814.170698924731,584.246505376344,788.336111111111,611.479784366577,1040.79275362319,1740.12762973352,NA,NA,NA,NA,NA,NA,NA,NA,NA,NA,NA,NA,NA,NA,NA,NA,NA,NA,NA,NA,NA,NA,NA,NA,NA,NA,NA,NA,NA,NA,NA,NA,NA,NA,NA,NA,NA,NA,NA,NA,NA,NA,NA,NA,NA,NA,NA,NA,NA,NA,NA,NA,NA,NA,NA,NA,NA,NA,NA,NA,NA,NA,NA,NA,NA,NA,NA,NA,NA,NA,NA,NA,200,372,100,0,0,26
"74",74,2424500,99999,203,370,393,274,176,140,127,94.2,110,116,119,162,36500,21700,34900,35400,22200,12100,19900,10200,24400,19900,27900,21300,2513.56586021505,2795.63864306785,3105.54704301075,2273.39583333333,1262.49059139785,943.226388888889,814.170698924731,584.246505376344,788.336111111111,611.479784366577,1040.79275362319,1740.12762973352,NA,NA,NA,NA,NA,NA,NA,NA,NA,NA,NA,NA,NA,NA,NA,NA,NA,NA,NA,NA,NA,NA,NA,NA,NA,NA,NA,NA,NA,NA,NA,NA,NA,NA,NA,NA,NA,NA,NA,NA,NA,NA,NA,NA,NA,NA,NA,NA,NA,NA,NA,NA,NA,NA,NA,NA,NA,NA,NA,NA,NA,NA,NA,NA,NA,NA,NA,NA,NA,NA,NA,NA,200,372,100,0,0,24
"75",75,2424590,99999,361,631,701,511,299,259,278,231,238,226,229,275,28300,22600,27500,27000,20700,12000,19200,8150,25300,15200,23600,15900,3294.09507640068,3814.59141791045,4825.17996604414,3004.86666666667,1785.3039049236,1414.71754385965,1337.04244482173,807.95246179966,1249.97192982456,1007.05357142857,1576.83888888889,2162.62365591398,NA,NA,NA,NA,NA,NA,NA,NA,NA,NA,NA,NA,NA,NA,NA,NA,NA,NA,NA,NA,NA,NA,NA,NA,NA,NA,NA,NA,NA,NA,NA,NA,NA,NA,NA,NA,NA,NA,NA,NA,NA,NA,NA,NA,NA,NA,NA,NA,NA,NA,NA,NA,NA,NA,NA,NA,NA,NA,NA,NA,NA,NA,NA,NA,NA,NA,NA,NA,NA,NA,NA,NA,318,632,100,0,0,23
"76",76,2425000,99999,421,729,805,586,318,268,289,228,245,227,262,322,32000,26000,33100,30400,24100,14600,22200,9800,29300,18400,27600,19800,4018.04166666667,4829.77581120944,5626.10215053763,3919.83055555556,2078.57661290323,1559.97222222222,1497.99731182796,994.237903225806,1307.5625,1014.31586021505,1681.99275362319,2813.58204768583,NA,NA,NA,NA,NA,NA,NA,NA,NA,NA,NA,NA,NA,NA,NA,NA,NA,NA,NA,NA,NA,NA,NA,NA,NA,NA,NA,NA,NA,NA,NA,NA,NA,NA,NA,NA,NA,NA,NA,NA,NA,NA,NA,NA,NA,NA,NA,NA,NA,NA,NA,NA,NA,NA,NA,NA,NA,NA,NA,NA,NA,NA,NA,NA,NA,NA,NA,NA,NA,NA,NA,NA,357,695,100,0,0,22
"77",77,2425500,99999,421,729,805,586,318,268,289,228,245,227,262,322,32000,26000,33100,30400,24100,14600,22200,9800,29300,18400,27600,19800,4018.04166666667,4829.77581120944,5626.10215053763,3919.83055555556,2078.57661290323,1559.97222222222,1497.99731182796,994.237903225806,1307.5625,1014.31586021505,1681.99275362319,2813.58204768583,NA,NA,NA,NA,NA,NA,NA,NA,NA,NA,NA,NA,NA,NA,NA,NA,NA,NA,NA,NA,NA,NA,NA,NA,NA,NA,NA,NA,NA,NA,NA,NA,NA,NA,NA,NA,NA,NA,NA,NA,NA,NA,NA,NA,NA,NA,NA,NA,NA,NA,NA,NA,NA,NA,NA,NA,NA,NA,NA,NA,NA,NA,NA,NA,NA,NA,NA,NA,NA,NA,NA,NA,357,695,100,0,0,9
"78",78,2427250,99999,36.1,47.8,62.4,30,20,14,10,9.5,11,13,15,29.4,7620,8020,25000,13800,4470,4320,6540,3310,19700,6680,5220,17300,490.964919354839,627.993510324484,711.096639784946,503.14,192.634274193548,172.913055555556,167.724327956989,111.91747311828,179.273333333333,108.69623655914,187.130144927536,470.386395511921,NA,NA,NA,NA,NA,NA,NA,NA,NA,NA,NA,NA,NA,NA,NA,NA,NA,NA,NA,NA,NA,NA,NA,NA,NA,NA,NA,NA,NA,NA,NA,NA,NA,NA,NA,NA,NA,NA,NA,NA,NA,NA,NA,NA,NA,NA,NA,NA,NA,NA,NA,NA,NA,NA,NA,NA,NA,NA,NA,NA,NA,NA,NA,NA,NA,NA,NA,NA,NA,NA,NA,NA,24,50.4,100,0,0,0
"79",79,2427700,99999,19,46,57,27,5.6,4.4,2.5,2.1,0.82,1.5,5.4,13,5000,3550,3390,996,332,261,693,1180,277,2100,1760,4380,258.693548387097,212.424778761062,428.370967741935,137.533333333333,32.9959677419355,16.3008333333333,49.2016129032258,41.5298387096774,16.4378333333333,49.4881720430107,106.657777777778,173.440860215054,NA,NA,NA,NA,NA,NA,NA,NA,NA,NA,NA,NA,NA,NA,NA,NA,NA,NA,NA,NA,NA,NA,NA,NA,NA,NA,NA,NA,NA,NA,NA,NA,NA,NA,NA,NA,NA,NA,NA,NA,NA,NA,NA,NA,NA,NA,NA,NA,NA,NA,NA,NA,NA,NA,NA,NA,NA,NA,NA,NA,NA,NA,NA,NA,NA,NA,NA,NA,NA,NA,NA,NA,3.04,8.9,100,0,0,8
"80",80,2428500,99999,19,46,57,27,5.6,4.4,2.5,2.1,0.82,1.5,5.4,13,5000,3550,3390,996,332,261,693,1180,277,2100,1760,4380,258.693548387097,212.424778761062,428.370967741935,137.533333333333,32.9959677419355,16.3008333333333,49.2016129032258,41.5298387096774,16.4378333333333,49.4881720430107,106.657777777778,173.440860215054,NA,NA,NA,NA,NA,NA,NA,NA,NA,NA,NA,NA,NA,NA,NA,NA,NA,NA,NA,NA,NA,NA,NA,NA,NA,NA,NA,NA,NA,NA,NA,NA,NA,NA,NA,NA,NA,NA,NA,NA,NA,NA,NA,NA,NA,NA,NA,NA,NA,NA,NA,NA,NA,NA,NA,NA,NA,NA,NA,NA,NA,NA,NA,NA,NA,NA,NA,NA,NA,NA,NA,NA,3.04,8.9,100,0,0,9
"81",81,2438000,99999,120,159,144,113,57.5,40.8,33,19,18,24,38,83,13000,16200,8600,13000,17900,6680,7650,4310,3990,8310,18700,26100,916.95564516129,915.554572271386,883.912634408602,741.440277777778,584.174462365591,312.741111111111,237.226209677419,153.797715053763,171.889583333333,217.667741935484,363.841884057971,791.198597475456,NA,NA,NA,NA,NA,NA,NA,NA,NA,NA,NA,NA,NA,NA,NA,NA,NA,NA,NA,NA,NA,NA,NA,NA,NA,NA,NA,NA,NA,NA,NA,NA,NA,NA,NA,NA,NA,NA,NA,NA,NA,NA,NA,NA,NA,NA,NA,NA,NA,NA,NA,NA,NA,NA,NA,NA,NA,NA,NA,NA,NA,NA,NA,NA,NA,NA,NA,NA,NA,NA,NA,NA,53.6,115,100,0,0,9
"82",82,2442000,99999,120,159,144,113,57.5,40.8,33,19,18,24,38,83,13000,16200,8600,13000,17900,6680,7650,4310,3990,8310,18700,26100,916.95564516129,915.554572271386,883.912634408602,741.440277777778,584.174462365591,312.741111111111,237.226209677419,153.797715053763,171.889583333333,217.667741935484,363.841884057971,791.198597475456,NA,NA,NA,NA,NA,NA,NA,NA,NA,NA,NA,NA,NA,NA,NA,NA,NA,NA,NA,NA,NA,NA,NA,NA,NA,NA,NA,NA,NA,NA,NA,NA,NA,NA,NA,NA,NA,NA,NA,NA,NA,NA,NA,NA,NA,NA,NA,NA,NA,NA,NA,NA,NA,NA,NA,NA,NA,NA,NA,NA,NA,NA,NA,NA,NA,NA,NA,NA,NA,NA,NA,NA,53.6,115,100,0,0,13
"83",83,2442500,99999,98.5,194,134,121,77,58.1,55.7,54.8,55.1,56.5,73.8,93.3,11100,11000,7010,5780,5510,3870,2910,3160,2920,4900,4460,7620,597.372580645161,774.687943262411,712.783870967742,462.75,472.686451612903,263.683333333333,189.721935483871,161.524838709677,201.942,277.056176470588,342.329315960912,634.178709677419,NA,NA,NA,NA,NA,NA,NA,NA,NA,NA,NA,NA,NA,NA,NA,NA,NA,NA,NA,NA,NA,NA,NA,NA,NA,NA,NA,NA,NA,NA,NA,NA,NA,NA,NA,NA,NA,NA,NA,NA,NA,NA,NA,NA,NA,NA,NA,NA,NA,NA,NA,NA,NA,NA,NA,NA,NA,NA,NA,NA,NA,NA,NA,NA,NA,NA,NA,NA,NA,NA,NA,NA,71.22,119,100,0,0,0
"84",84,2444000,99999,98.5,194,134,121,77,58.1,55.7,54.8,55.1,56.5,73.8,93.3,11100,11000,7010,5780,5510,3870,2910,3160,2920,4900,4460,7620,597.372580645161,774.687943262411,712.783870967742,462.75,472.686451612903,263.683333333333,189.721935483871,161.524838709677,201.942,277.056176470588,342.329315960912,634.178709677419,NA,NA,NA,NA,NA,NA,NA,NA,NA,NA,NA,NA,NA,NA,NA,NA,NA,NA,NA,NA,NA,NA,NA,NA,NA,NA,NA,NA,NA,NA,NA,NA,NA,NA,NA,NA,NA,NA,NA,NA,NA,NA,NA,NA,NA,NA,NA,NA,NA,NA,NA,NA,NA,NA,NA,NA,NA,NA,NA,NA,NA,NA,NA,NA,NA,NA,NA,NA,NA,NA,NA,NA,71.22,119,100,0,0,11
"85",85,2444160,99999,3310,1450,4090,2660,808,606,621,604,537,470,766,1360,59400,64900,57700,58600,46200,26000,39800,14800,2630,27100,41000,98400,15204.1935483871,16518.4210526316,19683.2258064516,18477.6666666667,7750.01612903226,3325.86666666667,4291.49397590361,2027.45161290323,1022.75555555556,2426.43010752688,5723.5,17880.8064516129,NA,NA,NA,NA,NA,NA,NA,NA,NA,NA,NA,NA,NA,NA,NA,NA,NA,NA,NA,NA,NA,NA,NA,NA,NA,NA,NA,NA,NA,NA,NA,NA,NA,NA,NA,NA,NA,NA,NA,NA,NA,NA,NA,NA,NA,NA,NA,NA,NA,NA,NA,NA,NA,NA,NA,NA,NA,NA,NA,NA,NA,NA,NA,NA,NA,NA,NA,NA,NA,NA,NA,NA,644.15,1277.5,100,0,0,21
"86",86,2444500,99999,3310,1450,4090,2660,808,606,621,604,537,470,766,1360,59400,64900,57700,58600,46200,26000,39800,14800,2630,27100,41000,98400,15204.1935483871,16518.4210526316,19683.2258064516,18477.6666666667,7750.01612903226,3325.86666666667,4291.49397590361,2027.45161290323,1022.75555555556,2426.43010752688,5723.5,17880.8064516129,NA,NA,NA,NA,NA,NA,NA,NA,NA,NA,NA,NA,NA,NA,NA,NA,NA,NA,NA,NA,NA,NA,NA,NA,NA,NA,NA,NA,NA,NA,NA,NA,NA,NA,NA,NA,NA,NA,NA,NA,NA,NA,NA,NA,NA,NA,NA,NA,NA,NA,NA,NA,NA,NA,NA,NA,NA,NA,NA,NA,NA,NA,NA,NA,NA,NA,NA,NA,NA,NA,NA,NA,644.15,1277.5,100,0,0,21
"87",87,2446500,99999,128,300,231,172,81.2,54.1,34,28,25,29,37,91.2,17200,14000,11400,11100,11700,5900,3450,2150,4290,7780,4640,12400,1606.39919354839,1605.83775811209,1664.98252688172,1275.31666666667,776.579166666667,466.899027777778,381.369489247312,233.812231182796,267.903472222222,338.037903225806,525.254492753623,1118.43394109397,NA,NA,NA,NA,NA,NA,NA,NA,NA,NA,NA,NA,NA,NA,NA,NA,NA,NA,NA,NA,NA,NA,NA,NA,NA,NA,NA,NA,NA,NA,NA,NA,NA,NA,NA,NA,NA,NA,NA,NA,NA,NA,NA,NA,NA,NA,NA,NA,NA,NA,NA,NA,NA,NA,NA,NA,NA,NA,NA,NA,NA,NA,NA,NA,NA,NA,NA,NA,NA,NA,NA,NA,66.06,167,100,0,0,13
"88",88,2447025,99999,609,989,1320,1220,458,393,324,181,189,311,276,508,178000,124000,191000,142000,89100,69900,60400,71600,65300,91200,83200,114000,20314.5846774194,20135.5837037037,21310.1081081081,17616.3333333333,10473.3808882907,6850.20724637681,4479.83870967742,2782.48527349229,3602.16714285714,4337.17900403769,5933.01603498542,15257.1811797753,NA,NA,NA,NA,NA,NA,NA,NA,NA,NA,NA,NA,NA,NA,NA,NA,NA,NA,NA,NA,NA,NA,NA,NA,NA,NA,NA,NA,NA,NA,NA,NA,NA,NA,NA,NA,NA,NA,NA,NA,NA,NA,NA,NA,NA,NA,NA,NA,NA,NA,NA,NA,NA,NA,NA,NA,NA,NA,NA,NA,NA,NA,NA,NA,NA,NA,NA,NA,NA,NA,NA,NA,584,1800,100,0,0,20
"89",89,2448500,99999,89.3,123,136,129,77.5,62.3,54.8,43,41,46,47,67.2,19000,21000,15400,15400,9910,10100,7350,7860,12900,11000,8200,13000,2773.68198924731,3414.87758112094,3207.38978494624,2420.125,858.59314516129,684.564861111111,519.663440860215,294.261827956989,546.756666666667,654.638783783784,700.483768115942,1837.99929873773,NA,NA,NA,NA,NA,NA,NA,NA,NA,NA,NA,NA,NA,NA,NA,NA,NA,NA,NA,NA,NA,NA,NA,NA,NA,NA,NA,NA,NA,NA,NA,NA,NA,NA,NA,NA,NA,NA,NA,NA,NA,NA,NA,NA,NA,NA,NA,NA,NA,NA,NA,NA,NA,NA,NA,NA,NA,NA,NA,NA,NA,NA,NA,NA,NA,NA,NA,NA,NA,NA,NA,NA,71.4,136,100,0,0,21
"90",90,2448900,99999,0.78,3.4,3.3,1.2,0,0,0,0,0,0,0,0,16000,12800,11600,10000,3000,5170,4230,1680,4580,4400,3890,5370,434.283400537634,510.153126843658,496.809247311828,336.174597222222,83.8277956989247,74.539,63.7564112903226,24.5588440860215,40.0070555555556,54.4606989247312,96.0289710144928,260.47,NA,NA,NA,NA,NA,NA,NA,NA,NA,NA,NA,NA,NA,NA,NA,NA,NA,NA,NA,NA,NA,NA,NA,NA,NA,NA,NA,NA,NA,NA,NA,NA,NA,NA,NA,NA,NA,NA,NA,NA,NA,NA,NA,NA,NA,NA,NA,NA,NA,NA,NA,NA,NA,NA,NA,NA,NA,NA,NA,NA,NA,NA,NA,NA,NA,NA,NA,NA,NA,NA,NA,NA,0.02,1.46,100,0,0,0
"91",91,2449000,99999,0.78,3.4,3.3,1.2,0,0,0,0,0,0,0,0,16000,12800,11600,10000,3000,5170,4230,1680,4580,4400,3890,5370,434.283400537634,510.153126843658,496.809247311828,336.174597222222,83.8277956989247,74.539,63.7564112903226,24.5588440860215,40.0070555555556,54.4606989247312,96.0289710144928,260.47,NA,NA,NA,NA,NA,NA,NA,NA,NA,NA,NA,NA,NA,NA,NA,NA,NA,NA,NA,NA,NA,NA,NA,NA,NA,NA,NA,NA,NA,NA,NA,NA,NA,NA,NA,NA,NA,NA,NA,NA,NA,NA,NA,NA,NA,NA,NA,NA,NA,NA,NA,NA,NA,NA,NA,NA,NA,NA,NA,NA,NA,NA,NA,NA,NA,NA,NA,NA,NA,NA,NA,NA,0.02,1.46,100,0,0,21
"92",92,2449245,99999,15,19,19,11,2.6,0.65,0.05,0.06,0.03,0.06,1.2,6.6,2000,1460,2030,1090,370,363,2670,136,40,386,642,305,142.625806451613,150.503546099291,135.61935483871,76.46,21.2870967741935,14.4416666666667,43.7423870967742,9.30587096774194,3.15653333333333,10.6453225806452,26.1275,42.2241935483871,NA,NA,NA,NA,NA,NA,NA,NA,NA,NA,NA,NA,NA,NA,NA,NA,NA,NA,NA,NA,NA,NA,NA,NA,NA,NA,NA,NA,NA,NA,NA,NA,NA,NA,NA,NA,NA,NA,NA,NA,NA,NA,NA,NA,NA,NA,NA,NA,NA,NA,NA,NA,NA,NA,NA,NA,NA,NA,NA,NA,NA,NA,NA,NA,NA,NA,NA,NA,NA,NA,NA,NA,0.54,3.7,100,0,0,16
"93",93,2449882,99999,0.72,2.1,2.9,2.72,0.79,0.45,0.2,0,0,0,0,0,1090,784,944,698,1020,911,152,414,583,665,228,859,34.094623655914,33.2190412979351,36.665752688172,28.4724722222222,17.5458602150538,10.0919305555556,5.53907258064516,3.48620967741935,6.94155555555556,6.66434119278779,8.37460869565217,21.2789761570827,NA,NA,NA,NA,NA,NA,NA,NA,NA,NA,NA,NA,NA,NA,NA,NA,NA,NA,NA,NA,NA,NA,NA,NA,NA,NA,NA,NA,NA,NA,NA,NA,NA,NA,NA,NA,NA,NA,NA,NA,NA,NA,NA,NA,NA,NA,NA,NA,NA,NA,NA,NA,NA,NA,NA,NA,NA,NA,NA,NA,NA,NA,NA,NA,NA,NA,NA,NA,NA,NA,NA,NA,0.42,1.8,99.9769691386458,0,0,0
"94",94,2450000,99999,21.8,184,134,59.7,23.4,16.5,13.7,9.75,10.9,10.6,11.5,16.5,26300,29900,25100,15000,22900,15900,3190,5890,10700,11700,11500,16400,1394.34008264463,1275.49460708783,1342.88499298738,984.706231884058,627.522300140252,331.19884057971,170.149929873773,102.839761570827,185.635362318841,244.808415147265,404.262463768116,932.319549929677,NA,NA,NA,NA,NA,NA,NA,NA,NA,NA,NA,NA,NA,NA,NA,NA,NA,NA,NA,NA,NA,NA,NA,NA,NA,NA,NA,NA,NA,NA,NA,NA,NA,NA,NA,NA,NA,NA,NA,NA,NA,NA,NA,NA,NA,NA,NA,NA,NA,NA,NA,NA,NA,NA,NA,NA,NA,NA,NA,NA,NA,NA,NA,NA,NA,NA,NA,NA,NA,NA,NA,NA,18,60,100,0,0,27
"95",95,2450180,99999,29.6,253,173,72.8,26.4,16.5,16.9,14,13.4,11.6,14.2,21,38400,23800,26800,22400,16300,12100,4220,6810,17700,14600,10000,39200,1754.71465053763,1618.79056047198,1685.72849462366,1269.78583333333,750.712768817204,393.274305555556,215.542741935484,124.177553763441,237.148472222222,289.118279569892,491.695362318841,1244.95469845722,NA,NA,NA,NA,NA,NA,NA,NA,NA,NA,NA,NA,NA,NA,NA,NA,NA,NA,NA,NA,NA,NA,NA,NA,NA,NA,NA,NA,NA,NA,NA,NA,NA,NA,NA,NA,NA,NA,NA,NA,NA,NA,NA,NA,NA,NA,NA,NA,NA,NA,NA,NA,NA,NA,NA,NA,NA,NA,NA,NA,NA,NA,NA,NA,NA,NA,NA,NA,NA,NA,NA,NA,23,75.2,100,0,0,25
"96",96,2450250,99999,10,28,32,19.8,6.7,3.15,1.94,0.66,0.63,0.56,1.8,4.3,8270,7500,4330,4420,6090,3770,3200,956,2690,3520,4100,7480,318.625134408602,318.451032448378,316.363575268817,240.775972222222,152.825,91.7395833333333,45.8360215053763,19.3012768817204,42.60625,52.6550940860215,85.1967826086957,260.34476858345,0,1.1,6.1,10.1,12.5,18.8,18.5,20.4,15.6,8.6,3.6,4.6,14.2,13,15.6,19.8,24.5,27.2,27.7,26.7,25.3,20.7,18.3,16.2,6.65645161290323,7.46194690265487,10.8975806451613,14.8768115942029,18.9064516129032,23.544,24.5696774193548,23.6948387096774,21.604,15.7509677419355,9.485,9.51129032258065,NA,NA,NA,NA,NA,NA,NA,NA,NA,NA,NA,NA,NA,NA,NA,NA,NA,NA,NA,NA,NA,NA,NA,NA,NA,NA,NA,NA,NA,NA,NA,NA,NA,NA,NA,NA,3.762,13,100,19.1039632395175,0,7
"97",97,2450825,99999,36,63,58.2,52.3,20.3,11.7,11,9,8.9,8.18,18.1,19.7,9830,6260,4550,7270,7200,2230,2780,1150,1310,3530,2860,9180,351.395371669004,325.082615384615,306.116690042076,274.580724637681,208.219635343619,129.82,96.0610098176718,61.928190743338,74.9621739130435,95.2268010752688,128.052898550725,288.91556802244,NA,NA,NA,NA,NA,NA,NA,NA,NA,NA,NA,NA,NA,NA,NA,NA,NA,NA,NA,NA,NA,NA,NA,NA,NA,NA,NA,NA,NA,NA,NA,NA,NA,NA,NA,NA,NA,NA,NA,NA,NA,NA,NA,NA,NA,NA,NA,NA,NA,NA,NA,NA,NA,NA,NA,NA,NA,NA,NA,NA,NA,NA,NA,NA,NA,NA,NA,NA,NA,NA,NA,NA,20,47.2,100,0,0,0
"98",98,2453000,99999,25.7,94,71.3,60.4,22,5.29,7.07,1.91,3,3.3,6.5,16.3,5390,4760,5860,6010,4500,2700,2280,950,2800,3030,1940,5570,632.717069892473,597.126843657817,638.752419354839,504.806944444444,333.812634408602,200.132152777778,135.352728494624,68.3960215053763,113.725319444444,131.347983870968,201.777956521739,491.296072931276,NA,NA,NA,NA,NA,NA,NA,NA,NA,NA,NA,NA,NA,NA,NA,NA,NA,NA,NA,NA,NA,NA,NA,NA,NA,NA,NA,NA,NA,NA,NA,NA,NA,NA,NA,NA,NA,NA,NA,NA,NA,NA,NA,NA,NA,NA,NA,NA,NA,NA,NA,NA,NA,NA,NA,NA,NA,NA,NA,NA,NA,NA,NA,NA,NA,NA,NA,NA,NA,NA,NA,NA,12,47,100,0,0,15
"99",99,2454055,99999,8.13,53.3,47.8,41.6,15.7,7.95,7.9,5.48,3.6,3.32,4.88,5,8310,7650,9170,6400,5750,3770,1370,969,5430,3360,2550,5780,520.146653225806,489.994395280236,535.799865591398,388.368194444444,273.81814516129,149.451027777778,93.0701612903226,59.4725806451613,99.2080972222222,105.75435483871,153.862579710145,360.227699859748,NA,NA,NA,NA,NA,NA,NA,NA,NA,NA,NA,NA,NA,NA,NA,NA,NA,NA,NA,NA,NA,NA,NA,NA,NA,NA,NA,NA,NA,NA,NA,NA,NA,NA,NA,NA,NA,NA,NA,NA,NA,NA,NA,NA,NA,NA,NA,NA,NA,NA,NA,NA,NA,NA,NA,NA,NA,NA,NA,NA,NA,NA,NA,NA,NA,NA,NA,NA,NA,NA,NA,NA,12,36.8,100,0,0,0
"100",100,2455000,99999,24,77.6,41.3,25.8,19,11.7,5.6,5.4,3.41,2.13,5.74,13,16700,8830,9050,11500,12800,6030,2300,6160,9780,13400,12000,18000,970.035215053763,961.287020648968,1028.87930107527,781.136944444444,460.765322580645,248.804444444444,148.309677419355,107.125510752688,168.701958333333,215.644401076716,336.130347826087,718.781767180926,NA,NA,NA,NA,NA,NA,NA,NA,NA,NA,NA,NA,NA,NA,NA,NA,NA,NA,NA,NA,NA,NA,NA,NA,NA,NA,NA,NA,NA,NA,NA,NA,NA,NA,NA,NA,NA,NA,NA,NA,NA,NA,NA,NA,NA,NA,NA,NA,NA,NA,NA,NA,NA,NA,NA,NA,NA,NA,NA,NA,NA,NA,NA,NA,NA,NA,NA,NA,NA,NA,NA,NA,11.4,42,100,0,0,26
"101",101,2455185,99999,3.4,13,25.8,9.85,1.27,0.82,0.5,0.4,0.46,0.12,0.59,1.2,3040,1750,1840,1850,686,822,435,584,1960,562,861,2380,126.818006430868,127.399678456592,128.769206349206,103.9175,47.3374516129032,26.6871333333333,11.9814193548387,11.7669032258065,31.4575328947368,15.5250439882698,27.4873,97.3621935483871,NA,NA,NA,NA,NA,NA,NA,NA,NA,NA,NA,NA,NA,NA,NA,NA,NA,NA,NA,NA,NA,NA,NA,NA,NA,NA,NA,NA,NA,NA,NA,NA,NA,NA,NA,NA,NA,NA,NA,NA,NA,NA,NA,NA,NA,NA,NA,NA,NA,NA,NA,NA,NA,NA,NA,NA,NA,NA,NA,NA,NA,NA,NA,NA,NA,NA,NA,NA,NA,NA,NA,NA,1.2,4,100,0,0,0
"102",102,2455500,99999,317,600,400,203,100,56,35,27,19,29,53,67,21000,12400,13600,8880,20300,12900,4960,646,4480,21600,6590,7130,2629.56129032258,1929.10638297872,2404.2,1202.94666666667,740.735483870968,877.06,412.877419354839,168.490322580645,244.993288590604,841.467741935484,737.091666666667,1223.20967741935,NA,NA,NA,NA,NA,NA,NA,NA,NA,NA,NA,NA,NA,NA,NA,NA,NA,NA,NA,NA,NA,NA,NA,NA,NA,NA,NA,NA,NA,NA,NA,NA,NA,NA,NA,NA,NA,NA,NA,NA,NA,NA,NA,NA,NA,NA,NA,NA,NA,NA,NA,NA,NA,NA,NA,NA,NA,NA,NA,NA,NA,NA,NA,NA,NA,NA,NA,NA,NA,NA,NA,NA,44,155,100,0,0,20
"103",103,2455900,99999,75.1,359,358,272,150,65.1,35.4,19.6,19.2,15.3,15.2,38.2,39800,16100,18800,11600,26000,4020,4360,4790,20300,7670,29300,9290,1592.46200716846,1891.01181102362,2387.12903225806,1655.06666666667,1615.79569892473,467.386296296296,377.091039426523,177.006093189964,563.647407407407,445.05,990.044333333333,1414.5635483871,NA,NA,NA,NA,NA,NA,NA,NA,NA,NA,NA,NA,NA,NA,NA,NA,NA,NA,NA,NA,NA,NA,NA,NA,NA,NA,NA,NA,NA,NA,NA,NA,NA,NA,NA,NA,NA,NA,NA,NA,NA,NA,NA,NA,NA,NA,NA,NA,NA,NA,NA,NA,NA,NA,NA,NA,NA,NA,NA,NA,NA,NA,NA,NA,NA,NA,NA,NA,NA,NA,NA,NA,42.84,126,100,0,0,0
"104",104,2455980,99999,8.88,12.2,17.2,11.6,9.59,7.3,6.93,5.83,7.13,6.16,6.4,6.85,1740,2230,2200,1890,2610,1360,781,1020,1580,1320,1820,1670,70.8624462365591,73.8458702064897,92.9166666666667,70.9322222222222,59.3691666666667,38.4583611111111,34.6054166666667,28.2914784946237,32.4272361111111,26.2759946236559,35.3929420289855,48.7167040673212,3.8,5.7,5.6,11.6,14.5,17.8,19.6,19.3,16.1,10.1,7.1,4.7,16.4,17.2,19.9,20.8,23.3,24.9,25.4,26.5,24.2,22.2,19.9,18.2,10.5184032476319,11.5317507418398,14.251040221914,16.9994421199442,19.5090909090909,22.0118421052632,23.1629032258065,23.0016393442623,21.0136812411848,17.1208450704225,13.2714503816794,11.184110787172,6.7,7.1,7.7,6.4,4.7,6.6,6,6.1,5.6,4.6,6.1,7.7,14.9,15.6,14,12,14.1,11.5,10.4,11.1,10.7,13.6,12.7,13.9,10.924297752809,10.6397798742138,10.0052325581395,9.29873617693523,8.80745614035088,8.43374233128834,8.1741641337386,8.15240174672489,8.4411856474259,9.11122913505311,9.78915857605178,10.7153968253968,10.7,18,100,97.6105686387134,90.7294658242389,0
"105",105,2456000,99999,21.7,37.6,50.7,46.2,33.1,22.5,18.4,14.3,14.6,10.3,7.89,11.4,4510,6930,3950,1330,4870,848,1520,1200,3690,1550,6070,2730,150.696370967742,257.690265486726,271.549242424242,163.901851851852,205.75376344086,79.5292592592593,78.7336917562724,45.9344086021505,103.10962962963,66.7221453287197,133.753777777778,143.615053763441,NA,NA,NA,NA,NA,NA,NA,NA,NA,NA,NA,NA,NA,NA,NA,NA,NA,NA,NA,NA,NA,NA,NA,NA,NA,NA,NA,NA,NA,NA,NA,NA,NA,NA,NA,NA,NA,NA,NA,NA,NA,NA,NA,NA,NA,NA,NA,NA,NA,NA,NA,NA,NA,NA,NA,NA,NA,NA,NA,NA,NA,NA,NA,NA,NA,NA,NA,NA,NA,NA,NA,NA,18.3,32.1,100,0,0,22
"106",106,2456500,99999,94.9,350,346,216,78.2,46.9,40,24.1,33,23.7,32.8,43.6,39000,27300,24400,31400,31500,16900,6600,8640,24500,24000,32800,35900,2710.59932795699,2654.31710914454,3034.43413978495,2264.64166666667,1380.50309139785,766.500694444444,487.004166666667,303.225,533.090694444444,529.781182795699,909.752173913044,1819.92244039271,NA,NA,NA,NA,NA,NA,NA,NA,NA,NA,NA,NA,NA,NA,NA,NA,NA,NA,NA,NA,NA,NA,NA,NA,NA,NA,NA,NA,NA,NA,NA,NA,NA,NA,NA,NA,NA,NA,NA,NA,NA,NA,NA,NA,NA,NA,NA,NA,NA,NA,NA,NA,NA,NA,NA,NA,NA,NA,NA,NA,NA,NA,NA,NA,NA,NA,NA,NA,NA,NA,NA,NA,61.72,170,100,0,0,24
"107",107,2457000,99999,6.11,9.48,8.78,6.69,5.24,4.05,4.17,3.37,3.8,3.2,3.4,5.1,1210,1120,1020,1340,3980,761,780,604,1330,546,1020,1250,43.6775806451613,50.591592920354,57.6624838709677,51.2211833333333,43.146267496112,29.7564603174603,31.8262211981567,22.4240092165899,26.0286666666667,16.5264362519201,26.2112666666667,35.4302580645161,NA,NA,NA,NA,NA,NA,NA,NA,NA,NA,NA,NA,NA,NA,NA,NA,NA,NA,NA,NA,NA,NA,NA,NA,NA,NA,NA,NA,NA,NA,NA,NA,NA,NA,NA,NA,NA,NA,NA,NA,NA,NA,NA,NA,NA,NA,NA,NA,NA,NA,NA,NA,NA,NA,NA,NA,NA,NA,NA,NA,NA,NA,NA,NA,NA,NA,NA,NA,NA,NA,NA,NA,6.3,10.6,100,0,0,18
"108",108,2457595,99999,16.2,31.8,27,19.7,15.7,14.3,14.2,13.6,13.5,12.1,12.8,14,3710,4860,4250,4040,6600,1570,1590,1110,3060,2960,3270,2170,138.15752688172,141.993362831858,173.440053763441,130.484166666667,96.9353494623656,62.9115277777778,66.6673387096774,46.1899193548387,62.9569444444444,52.941935483871,71.3731884057971,101.321879382889,1.8,4.8,3.7,12.1,14.1,17.8,22,21.7,16.7,8.8,4.8,2.5,16.8,17.2,21.5,23.4,26.8,28.8,29.5,30.2,27.7,24.3,21.7,19.2,9.48708333333333,10.8719033232628,14.335989010989,17.8532934131737,21.274861878453,24.6675362318841,26.1520408163265,25.9409153952843,23.2176136363636,18.0460382513661,13.1748169838946,10.2521306818182,5.7,6.6,4.7,5.3,4.7,4.5,4.7,4.1,4.6,5,5.5,6.1,15.4,16.8,13.1,13.5,13.4,12.8,10.8,10.7,10.8,12.7,15.8,16.4,11.3211505922166,10.9566308243728,10.0229641693811,9.07552334943639,8.56518282988871,7.93678929765886,7.83087248322148,7.7795631825273,7.89336492890995,9.06211878009631,10.0695957820738,11.0017211703959,18.5,29,100,96.7489948305572,83.3314187248708,0
"109",109,2458300,99999,9,12,14,14.5,12,10.2,9.2,8.2,7.7,7.3,8.6,9.5,1970,1410,1510,2060,1960,1630,1090,681,2620,1680,1270,1500,72.766275659824,71.0455716586151,84.0046920821114,68.8892424242424,53.4870967741935,46.8586363636364,49.9085362318841,37.5211781206171,44.0448695652174,34.6832538569425,46.5279848484848,59.4604105571848,NA,NA,NA,NA,NA,NA,NA,NA,NA,NA,NA,NA,NA,NA,NA,NA,NA,NA,NA,NA,NA,NA,NA,NA,NA,NA,NA,NA,NA,NA,NA,NA,NA,NA,NA,NA,NA,NA,NA,NA,NA,NA,NA,NA,NA,NA,NA,NA,NA,NA,NA,NA,NA,NA,NA,NA,NA,NA,NA,NA,NA,NA,NA,NA,NA,NA,NA,NA,NA,NA,NA,NA,11,16.2,100,0,0,0
"110",110,2458450,99999,13,15,21,15.7,11.4,9.38,9.72,9.8,9.4,8.24,9.3,12,3040,2570,2500,2480,1800,2030,1550,843,2620,2850,1620,1450,99.4672043010753,97.1672566371681,110.130241935484,90.0956944444444,73.7282258064516,64.7068472222222,68.7613172043011,50.4573924731183,63.66625,51.1574865591398,63.5665217391304,77.9224403927069,3.4,4.8,4.5,12.3,14.5,19.4,22.4,22.2,3.8,11.1,7.6,3.7,17.3,18.2,21.8,23.8,27,29.5,30,30.3,28,25.2,21.9,19.7,10.3972862957938,11.6364844903988,15.0388965517241,18.4584415584416,22.1314713896458,25.2506983240223,26.53891966759,26.269918699187,23.8392957746479,19.1550135501355,14.4174486803519,11.3558368495077,3.6,5.5,4.2,3.5,4.7,2.6,2.6,3.8,4,4.1,3,5.2,18.2,15.2,14,11.7,11.6,13,11,11.4,11.9,12.5,12.8,19.6,10.3598715890851,10.4072180451128,9.51145833333333,8.60766823161189,8.19193798449612,7.56246376811594,7.47822822822823,7.46857562408223,7.81715160796325,8.48725637181409,9.08240131578947,10.3921140939597,16,25,100,98.5985066053992,89.6611143021252,24
"111",111,2458600,99999,37.3,47.4,52.7,30.6,28.8,33.7,27.5,23.6,17.8,23.4,23.5,28.1,3410,4380,2900,4120,2500,2190,2030,1290,3120,1870,2730,2690,194.501451612903,220.818407079646,230.799193548387,199.795666666667,151.833064516129,133.835573770492,131.795852534562,108.220737327189,131.744285714286,98.4837173579109,135.104666666667,176.828387096774,NA,NA,NA,NA,NA,NA,NA,NA,NA,NA,NA,NA,NA,NA,NA,NA,NA,NA,NA,NA,NA,NA,NA,NA,NA,NA,NA,NA,NA,NA,NA,NA,NA,NA,NA,NA,NA,NA,NA,NA,NA,NA,NA,NA,NA,NA,NA,NA,NA,NA,NA,NA,NA,NA,NA,NA,NA,NA,NA,NA,NA,NA,NA,NA,NA,NA,NA,NA,NA,NA,NA,NA,41.8,73.5,100,0,0,0
"112",112,2461500,99999,40.7,43,48.7,33.7,28.7,27.1,23.1,25.9,21.5,15.3,24,30,3330,3570,2570,4630,2690,1450,1400,1320,4210,2580,2550,2070,159.595932678822,158.588461538462,173.313604488079,138.322463768116,112.739551192146,99.4582608695652,97.2586255259467,78.8182328190743,103.495507246377,81.1946704067321,104.72696969697,132.696041055718,NA,NA,NA,NA,NA,NA,NA,NA,NA,NA,NA,NA,NA,NA,NA,NA,NA,NA,NA,NA,NA,NA,NA,NA,NA,NA,NA,NA,NA,NA,NA,NA,NA,NA,NA,NA,NA,NA,NA,NA,NA,NA,NA,NA,NA,NA,NA,NA,NA,NA,NA,NA,NA,NA,NA,NA,NA,NA,NA,NA,NA,NA,NA,NA,NA,NA,NA,NA,NA,NA,NA,NA,34.9,49.4,100,0,0,25
"113",113,2462000,99999,93.5,117,132,118,83,47.4,65,59,35,51,58,79,8000,8130,6650,7530,3230,2490,3920,1240,5490,5190,4320,4740,483.117876344086,488.772861356932,538.817204301075,408.630555555556,279.931989247312,212.680277777778,203.752688172043,160.372849462366,186.854027777778,168.171293800539,233.443043478261,345.041795231417,NA,NA,NA,NA,NA,NA,NA,NA,NA,NA,NA,NA,NA,NA,NA,NA,NA,NA,NA,NA,NA,NA,NA,NA,NA,NA,NA,NA,NA,NA,NA,NA,NA,NA,NA,NA,NA,NA,NA,NA,NA,NA,NA,NA,NA,NA,NA,NA,NA,NA,NA,NA,NA,NA,NA,NA,NA,NA,NA,NA,NA,NA,NA,NA,NA,NA,NA,NA,NA,NA,NA,NA,82.1,120,100,0,0,30
"114",114,2462500,99999,0,0,0,0,0,0,0,0,0,0,0,0,124000,94800,135000,132000,73800,41200,28800,20700,83500,61100,67900,99500,12026.9721407625,11480.4637681159,13296.0615835777,9806.60606060606,6157.6715542522,3879.96825757576,3072.96048387097,2332.25813782991,3254.10151515152,2437.78202764977,3867.64384126984,7538.96328725038,NA,NA,NA,NA,NA,NA,NA,NA,NA,NA,NA,NA,NA,NA,NA,NA,NA,NA,NA,NA,NA,NA,NA,NA,NA,NA,NA,NA,NA,NA,NA,NA,NA,NA,NA,NA,NA,NA,NA,NA,NA,NA,NA,NA,NA,NA,NA,NA,NA,NA,NA,NA,NA,NA,NA,NA,NA,NA,NA,NA,NA,NA,NA,NA,NA,NA,NA,NA,NA,NA,NA,NA,0,1370,100,0,0,30
"115",115,2462951,99999,0,0,0,0,0,0,0,-19.9,-30.3,0,0,0,142000,142000,116000,128000,93400,51200,41200,24200,93700,64500,82100,74900,14143.3901689708,13322.6222596965,15138.5694864048,11404.0685358255,7545.99692780338,4410.02706349206,3429.44892473118,2324.10084194978,3182.82154545455,2773.69838709677,4340.0740131579,8868.21467741936,NA,NA,NA,NA,NA,NA,NA,NA,NA,NA,NA,NA,NA,NA,NA,NA,NA,NA,NA,NA,NA,NA,NA,NA,NA,NA,NA,NA,NA,NA,NA,NA,NA,NA,NA,NA,NA,NA,NA,NA,NA,NA,NA,NA,NA,NA,NA,NA,NA,NA,NA,NA,NA,NA,NA,NA,NA,NA,NA,NA,NA,NA,NA,NA,NA,NA,NA,NA,NA,NA,NA,NA,0,1530,100,0,0,28
"116",116,2464000,99999,14.2,91.7,57,32.7,5.33,1.99,1.5,1.2,1,1,1.6,4,15000,11100,11400,10600,8070,5780,4800,1600,9150,7080,4200,9530,721.377688172043,702.391592920354,753.99435483871,533.490555555556,271.330658602151,167.785666666667,131.259731182796,56.3895698924731,111.544361111111,119.183655913978,202.96631884058,464.446437587658,NA,NA,NA,NA,NA,NA,NA,NA,NA,NA,NA,NA,NA,NA,NA,NA,NA,NA,NA,NA,NA,NA,NA,NA,NA,NA,NA,NA,NA,NA,NA,NA,NA,NA,NA,NA,NA,NA,NA,NA,NA,NA,NA,NA,NA,NA,NA,NA,NA,NA,NA,NA,NA,NA,NA,NA,NA,NA,NA,NA,NA,NA,NA,NA,NA,NA,NA,NA,NA,NA,NA,NA,4.73,28.6,100,0,0,9
"117",117,2464146,99999,2.06,2.7,3.05,2.18,1.2,0.59,0.51,0.51,0.56,0.58,0.77,1.48,262,249,255,334,121,231,157,101,273,84,136,409,17.2982258064516,16.2228761061947,17.4604032258065,13.2677222222222,7.71783602150538,7.51436111111111,5.44248655913978,3.94825268817204,5.34230555555556,4.10737903225806,6.93815942028986,12.158316970547,NA,NA,NA,NA,NA,NA,NA,NA,NA,NA,NA,NA,NA,NA,NA,NA,NA,NA,NA,NA,NA,NA,NA,NA,NA,NA,NA,NA,NA,NA,NA,NA,NA,NA,NA,NA,NA,NA,NA,NA,NA,NA,NA,NA,NA,NA,NA,NA,NA,NA,NA,NA,NA,NA,NA,NA,NA,NA,NA,NA,NA,NA,NA,NA,NA,NA,NA,NA,NA,NA,NA,NA,1.3,2.74,100,0,0,6
"118",118,2464360,99999,29,29,25,23.9,9.92,6.79,7.28,6.2,7,8.1,15,21.3,2430,3030,2130,2620,1060,999,1200,389,1050,2200,716,1720,149.141935483871,147.356194690265,144.356586021505,117.069444444444,62.9708602150538,52.8932638888889,49.2919086021505,32.6635887096774,41.5694444444444,43.8692607526882,66.8753623188406,101.667882187938,NA,NA,NA,NA,NA,NA,NA,NA,NA,NA,NA,NA,NA,NA,NA,NA,NA,NA,NA,NA,NA,NA,NA,NA,NA,NA,NA,NA,NA,NA,NA,NA,NA,NA,NA,NA,NA,NA,NA,NA,NA,NA,NA,NA,NA,NA,NA,NA,NA,NA,NA,NA,NA,NA,NA,NA,NA,NA,NA,NA,NA,NA,NA,NA,NA,NA,NA,NA,NA,NA,NA,NA,13.4,26.4,100,0,0,8
"119",119,2464660,99999,6.63,6.05,8.6,3.89,2.25,1.28,1.24,1.08,1.21,1.42,1.56,4.35,707,1070,671,1220,154,162,120,105,438,182,253,771,46.64625,46.0623451327434,52.3279838709677,45.94375,15.9384677419355,9.00833333333333,8.65290322580645,8.36875,16.128375,11.4664516129032,15.8308474576271,42.2314516129032,NA,NA,NA,NA,NA,NA,NA,NA,NA,NA,NA,NA,NA,NA,NA,NA,NA,NA,NA,NA,NA,NA,NA,NA,NA,NA,NA,NA,NA,NA,NA,NA,NA,NA,NA,NA,NA,NA,NA,NA,NA,NA,NA,NA,NA,NA,NA,NA,NA,NA,NA,NA,NA,NA,NA,NA,NA,NA,NA,NA,NA,NA,NA,NA,NA,NA,NA,NA,NA,NA,NA,NA,1.63,3.6,100,0,0,0
"120",120,2465000,99999,84,200,218,154,162,128,133,50,115,44,22,51,193000,156000,132000,167000,105000,49600,40700,23000,186000,53100,91900,152000,15500.4502688172,14384.4247787611,15912.4247311828,12307.525,7146.42876344086,4674.58888888889,3713.73387096774,2736.92607526882,3831.64722222222,2857.38965053763,4592.37933042213,9989.5904628331,NA,NA,NA,NA,NA,NA,NA,NA,NA,NA,NA,NA,NA,NA,NA,NA,NA,NA,NA,NA,NA,NA,NA,NA,NA,NA,NA,NA,NA,NA,NA,NA,NA,NA,NA,NA,NA,NA,NA,NA,NA,NA,NA,NA,NA,NA,NA,NA,NA,NA,NA,NA,NA,NA,NA,NA,NA,NA,NA,NA,NA,NA,NA,NA,NA,NA,NA,NA,NA,NA,NA,NA,221.05,1700,100,0,0,31
"121",121,2465292,99999,5.45,5.51,5.95,5.4,4,3.83,4.56,4.19,3.83,4.48,3.89,4.91,329,771,452,640,665,371,292,295,1210,405,677,563,23.6301382488479,30.4881313131313,27.8365207373272,27.0529523809524,19.7405760368664,20.5117142857143,17.1549886621315,16.5592688172043,16.5815555555556,12.718752688172,20.864380952381,26.6985714285714,NA,NA,NA,NA,NA,NA,NA,NA,NA,NA,NA,NA,NA,NA,NA,NA,NA,NA,NA,NA,NA,NA,NA,NA,NA,NA,NA,NA,NA,NA,NA,NA,NA,NA,NA,NA,NA,NA,NA,NA,NA,NA,NA,NA,NA,NA,NA,NA,NA,NA,NA,NA,NA,NA,NA,NA,NA,NA,NA,NA,NA,NA,NA,NA,NA,NA,NA,NA,NA,NA,NA,NA,5.74,7.61,100,0,0,0
"122",122,2465493,99999,14.4,16.2,16.7,13.8,9.98,6.72,6.6,5.33,8.36,8.02,10.8,14.4,846,604,540,787,187,579,1030,141,2000,595,497,336,56.4967741935484,62.7098820058997,65.1759408602151,51.5388888888889,27.7795430107527,26.5434583333333,27.1786424731183,19.308938172043,24.9519305555556,25.8699865591398,33.6171014492754,42.8570827489481,NA,NA,NA,NA,NA,NA,NA,NA,NA,NA,NA,NA,NA,NA,NA,NA,NA,NA,NA,NA,NA,NA,NA,NA,NA,NA,NA,NA,NA,NA,NA,NA,NA,NA,NA,NA,NA,NA,NA,NA,NA,NA,NA,NA,NA,NA,NA,NA,NA,NA,NA,NA,NA,NA,NA,NA,NA,NA,NA,NA,NA,NA,NA,NA,NA,NA,NA,NA,NA,NA,NA,NA,11,17.2,100,0,0,6
"123",123,2466030,99999,414,1230,1030,820,662,556,746,558,484,377,428,406,121000,98300,120000,106000,61600,47000,47800,19200,115000,57600,63300,94500,17066.7237026648,16961.8798151002,18995.8345021038,15804.1598837209,8743.76577840112,5695.76231884058,4822.28751753156,3397.47966339411,4451.75942028986,3719.41655172414,5591.03047895501,11189.1755617978,NA,NA,NA,NA,NA,NA,NA,NA,NA,NA,NA,NA,NA,NA,NA,NA,NA,NA,NA,NA,NA,NA,NA,NA,NA,NA,NA,NA,NA,NA,NA,NA,NA,NA,NA,NA,NA,NA,NA,NA,NA,NA,NA,NA,NA,NA,NA,NA,NA,NA,NA,NA,NA,NA,NA,NA,NA,NA,NA,NA,NA,NA,NA,NA,NA,NA,NA,NA,NA,NA,NA,NA,782,2290,99.7863755043912,0,0,27
"124",124,2467000,99999,2470,4960,5050,3460,1150,925,1310,860,791,738,949,1800,183000,197000,169000,221000,136000,139000,109000,58700,129000,139000,147000,183000,44028.6559139785,46428.6578171091,49217.9838709677,39075.6666666667,21720.4032258065,14153.8208333333,10811.4789687924,6743.34677419355,8587.625,9265.375,13573.7275362319,31432.1739130435,NA,NA,NA,NA,NA,NA,NA,NA,NA,NA,NA,NA,NA,NA,NA,NA,NA,NA,NA,NA,NA,NA,NA,NA,NA,NA,NA,NA,NA,NA,NA,NA,NA,NA,NA,NA,NA,NA,NA,NA,NA,NA,NA,NA,NA,NA,NA,NA,NA,NA,NA,NA,NA,NA,NA,NA,NA,NA,NA,NA,NA,NA,NA,NA,NA,NA,NA,NA,NA,NA,NA,NA,1800,4480,100,0,0,25
"125",125,2467500,99999,163,184,172,139,91.8,75.7,58,52,48,55,63,105,17100,13900,12400,26000,8050,6490,4710,2590,3900,4750,4300,6420,1320.26612903226,1617.21386430678,1656.05241935484,1344.74166666667,516.54247311828,416.403611111111,413.031451612903,249.683064516129,282.595555555556,297.318682795699,465.076086956522,884.861150070126,NA,NA,NA,NA,NA,NA,NA,NA,NA,NA,NA,NA,NA,NA,NA,NA,NA,NA,NA,NA,NA,NA,NA,NA,NA,NA,NA,NA,NA,NA,NA,NA,NA,NA,NA,NA,NA,NA,NA,NA,NA,NA,NA,NA,NA,NA,NA,NA,NA,NA,NA,NA,NA,NA,NA,NA,NA,NA,NA,NA,NA,NA,NA,NA,NA,NA,NA,NA,NA,NA,NA,NA,92.02,169,100,0,0,13
"126",126,2468500,99999,163,184,172,139,91.8,75.7,58,52,48,55,63,105,17100,13900,12400,26000,8050,6490,4710,2590,3900,4750,4300,6420,1320.26612903226,1617.21386430678,1656.05241935484,1344.74166666667,516.54247311828,416.403611111111,413.031451612903,249.683064516129,282.595555555556,297.318682795699,465.076086956522,884.861150070126,NA,NA,NA,NA,NA,NA,NA,NA,NA,NA,NA,NA,NA,NA,NA,NA,NA,NA,NA,NA,NA,NA,NA,NA,NA,NA,NA,NA,NA,NA,NA,NA,NA,NA,NA,NA,NA,NA,NA,NA,NA,NA,NA,NA,NA,NA,NA,NA,NA,NA,NA,NA,NA,NA,NA,NA,NA,NA,NA,NA,NA,NA,NA,NA,NA,NA,NA,NA,NA,NA,NA,NA,92.02,169,100,0,0,13
"127",127,2469761,99999,1050,3530,5210,3590,1440,1070,1540,398,744,637,924,1240,159000,175000,169000,170000,109000,104000,94700,57100,111000,115000,109000,150000,47788.1451612903,54786.9822485207,56642.3924731183,44607.125,24374.5564516129,16140.9583333333,13254.0994623656,8350.39811066127,10106.7125,10479.8192934783,15060.7594202899,33558.4992987377,NA,NA,NA,NA,NA,NA,NA,NA,NA,NA,NA,NA,NA,NA,NA,NA,NA,NA,NA,NA,NA,NA,NA,NA,NA,NA,NA,NA,NA,NA,NA,NA,NA,NA,NA,NA,NA,NA,NA,NA,NA,NA,NA,NA,NA,NA,NA,NA,NA,NA,NA,NA,NA,NA,NA,NA,NA,NA,NA,NA,NA,NA,NA,NA,NA,NA,NA,NA,NA,NA,NA,NA,2190,5650,100,0,0,21
"128",128,2469800,99999,35.7,31,41,27.9,7.9,5.2,3.5,2.9,3.1,3.5,4.2,16,12200,12100,8460,5250,2970,3710,4820,2550,4770,1690,2760,4910,325.322177419355,439.576696165192,497.341374663073,298.528194444444,144.421411290323,135.601166666667,129.312567204301,74.8136559139785,78.4944444444444,59.0602419354839,121.845666666667,253.066058906031,NA,NA,NA,NA,NA,NA,NA,NA,NA,NA,NA,NA,NA,NA,NA,NA,NA,NA,NA,NA,NA,NA,NA,NA,NA,NA,NA,NA,NA,NA,NA,NA,NA,NA,NA,NA,NA,NA,NA,NA,NA,NA,NA,NA,NA,NA,NA,NA,NA,NA,NA,NA,NA,NA,NA,NA,NA,NA,NA,NA,NA,NA,NA,NA,NA,NA,NA,NA,NA,NA,NA,NA,9.01,28,100,0,0,6
"129",129,2470072,99999,0.26,0.21,2.2,0.27,0.02,0,0,0,0,0,0,0.23,724,1020,778,625,423,351,838,368,759,382,403,636,19.6934408602151,27.8653367003367,31.3467895545315,15.950873015873,7.63453149001536,8.45174603174603,8.64219662058372,4.87674347158218,6.86998407643312,5.26711278195489,9.82307936507937,17.777158218126,NA,NA,NA,NA,NA,NA,NA,NA,NA,NA,NA,NA,NA,NA,NA,NA,NA,NA,NA,NA,NA,NA,NA,NA,NA,NA,NA,NA,NA,NA,NA,NA,NA,NA,NA,NA,NA,NA,NA,NA,NA,NA,NA,NA,NA,NA,NA,NA,NA,NA,NA,NA,NA,NA,NA,NA,NA,NA,NA,NA,NA,NA,NA,NA,NA,NA,NA,NA,NA,NA,NA,NA,0.06,0.6,100,0,0,0
"130",130,2471001,99999,55.7,63,57,49.3,24,21,20,16,21,21,22,56.2,4080,4180,5430,5290,7210,2540,3590,4790,17100,3070,4850,8960,345.88938172043,360.367109144543,348.503360215054,322.456944444444,267.951209677419,218.611666666667,234.105241935484,203.666129032258,243.046666666667,167.186827956989,197.738260869565,288.996353436185,NA,NA,NA,NA,NA,NA,NA,NA,NA,NA,NA,NA,NA,NA,NA,NA,NA,NA,NA,NA,NA,NA,NA,NA,NA,NA,NA,NA,NA,NA,NA,NA,NA,NA,NA,NA,NA,NA,NA,NA,NA,NA,NA,NA,NA,NA,NA,NA,NA,NA,NA,NA,NA,NA,NA,NA,NA,NA,NA,NA,NA,NA,NA,NA,NA,NA,NA,NA,NA,NA,NA,NA,44.02,91.7,100,0,0,17
"131",131,2471078,99999,14.7,17,16.6,13.9,11.4,10.8,10.7,11,12,11.3,13,15.1,1460,402,1850,2480,636,2020,2220,419,2070,599,528,1120,39.5552995391705,37.840404040404,45.088244047619,49.2062215477997,33.5087976539589,37.7951515151515,43.516568914956,34.5131964809384,39.3068181818182,28.6876832844575,30.8314285714286,35.7625192012289,NA,NA,NA,NA,NA,NA,NA,NA,NA,NA,NA,NA,NA,NA,NA,NA,NA,NA,NA,NA,NA,NA,NA,NA,NA,NA,NA,NA,NA,NA,NA,NA,NA,NA,NA,NA,NA,NA,NA,NA,NA,NA,NA,NA,NA,NA,NA,NA,NA,NA,NA,NA,NA,NA,NA,NA,NA,NA,NA,NA,NA,NA,NA,NA,NA,NA,NA,NA,NA,NA,NA,NA,14.8,20.4,100,0,0,0
"132",132,2479431,99999,11,16,13,1.8,0.4,0.08,0.35,0.27,0.25,0.14,1.2,6.4,1290,579,1050,266,585,296,294,260,2150,452,309,1290,81.9861751152074,60.9593908629442,77.0967741935484,46.41,24.3364516129032,23.7900952380952,26.9188479262673,15.8027188940092,31.3851428571429,17.5961827956989,22.4533333333333,49.55,NA,NA,NA,NA,NA,NA,NA,NA,NA,NA,NA,NA,NA,NA,NA,NA,NA,NA,NA,NA,NA,NA,NA,NA,NA,NA,NA,NA,NA,NA,NA,NA,NA,NA,NA,NA,NA,NA,NA,NA,NA,NA,NA,NA,NA,NA,NA,NA,NA,NA,NA,NA,NA,NA,NA,NA,NA,NA,NA,NA,NA,NA,NA,NA,NA,NA,NA,NA,NA,NA,NA,NA,0.5,4,100,0,0,9
"133",133,2479500,99999,11,16,13,1.8,0.4,0.08,0.35,0.27,0.25,0.14,1.2,6.4,1290,579,1050,266,585,296,294,260,2150,452,309,1290,81.9861751152074,60.9593908629442,77.0967741935484,46.41,24.3364516129032,23.7900952380952,26.9188479262673,15.8027188940092,31.3851428571429,17.5961827956989,22.4533333333333,49.55,NA,NA,NA,NA,NA,NA,NA,NA,NA,NA,NA,NA,NA,NA,NA,NA,NA,NA,NA,NA,NA,NA,NA,NA,NA,NA,NA,NA,NA,NA,NA,NA,NA,NA,NA,NA,NA,NA,NA,NA,NA,NA,NA,NA,NA,NA,NA,NA,NA,NA,NA,NA,NA,NA,NA,NA,NA,NA,NA,NA,NA,NA,NA,NA,NA,NA,NA,NA,NA,NA,NA,NA,0.5,4,100,0,0,21
"134",134,2479945,99999,16.5,18,16,12,8.22,7.4,7.59,6.7,7.8,7.8,8,15,700,907,1130,1550,1350,517,1170,1480,3130,556,640,1180,66.7557795698925,73.5414454277286,73.992876344086,68.5693055555556,55.4103629032258,50.7645277777778,55.9550940860215,48.5896102150538,48.9332638888889,38.6502035278155,46.0924637681159,61.3539971949509,NA,NA,NA,NA,NA,NA,NA,NA,NA,NA,NA,NA,NA,NA,NA,NA,NA,NA,NA,NA,NA,NA,NA,NA,NA,NA,NA,NA,NA,NA,NA,NA,NA,NA,NA,NA,NA,NA,NA,NA,NA,NA,NA,NA,NA,NA,NA,NA,NA,NA,NA,NA,NA,NA,NA,NA,NA,NA,NA,NA,NA,NA,NA,NA,NA,NA,NA,NA,NA,NA,NA,NA,13,23.4,100,0,0,0
"135",135,2479980,99999,5.91,5.42,6.09,4.68,4.48,4.31,5,4.5,4.75,4.8,5.06,5.21,377,250,354,315,514,202,359,343,826,186,296,553,17.227311827957,16.2841887905605,17.8266935483871,17.26025,16.5585464333782,14.8424305555556,17.3551612903226,15.5052150537634,16.5163194444444,12.6090053763441,13.9746376811594,15.9454417952314,NA,NA,NA,NA,NA,NA,NA,NA,NA,NA,NA,NA,NA,NA,NA,NA,NA,NA,NA,NA,NA,NA,NA,NA,NA,NA,NA,NA,NA,NA,NA,NA,NA,NA,NA,NA,NA,NA,NA,NA,NA,NA,NA,NA,NA,NA,NA,NA,NA,NA,NA,NA,NA,NA,NA,NA,NA,NA,NA,NA,NA,NA,NA,NA,NA,NA,NA,NA,NA,NA,NA,NA,6.01,8.49,99.9885123492246,0,0,0
"136",136,2480002,99999,9.76,9.71,9,8.6,7.57,7.11,7.09,7.92,8.42,8.1,8.2,9.7,515,191,304,480,571,250,618,298,2000,249,431,855,22.4022715053763,20.9596460176991,23.0618279569892,22.4680416666667,20.7404301075269,20.6788333333333,22.1101209677419,20.1515725806452,22.6982222222222,17.4513306451613,19.3464057971015,22.1007012622721,NA,NA,NA,NA,NA,NA,NA,NA,NA,NA,NA,NA,NA,NA,NA,NA,NA,NA,NA,NA,NA,NA,NA,NA,NA,NA,NA,NA,NA,NA,NA,NA,NA,NA,NA,NA,NA,NA,NA,NA,NA,NA,NA,NA,NA,NA,NA,NA,NA,NA,NA,NA,NA,NA,NA,NA,NA,NA,NA,NA,NA,NA,NA,NA,NA,NA,NA,NA,NA,NA,NA,NA,9.79,12.2,100,0,0,0
"137",137,3572110,99999,55,105,116,50,40,15,5,5.1,3.9,2.5,12,24,3500,11700,8680,10000,1930,877,1690,1500,1330,2920,2650,3000,591.435483870968,588.610619469027,869.024193548387,546.85,172.887096774194,73.1916666666667,72.9540322580645,106.624193548387,111.665,106.54953271028,196.166666666667,315.225806451613,NA,NA,NA,NA,NA,NA,NA,NA,NA,NA,NA,NA,NA,NA,NA,NA,NA,NA,NA,NA,NA,NA,NA,NA,NA,NA,NA,NA,NA,NA,NA,NA,NA,NA,NA,NA,NA,NA,NA,NA,NA,NA,NA,NA,NA,NA,NA,NA,NA,NA,NA,NA,NA,NA,NA,NA,NA,NA,NA,NA,NA,NA,NA,NA,NA,NA,NA,NA,NA,NA,NA,NA,9.61,40,100,0,0,11
"138",138,3572900,99999,55,105,116,50,40,15,5,5.1,3.9,2.5,12,24,3500,11700,8680,10000,1930,877,1690,1500,1330,2920,2650,3000,591.435483870968,588.610619469027,869.024193548387,546.85,172.887096774194,73.1916666666667,72.9540322580645,106.624193548387,111.665,106.54953271028,196.166666666667,315.225806451613,NA,NA,NA,NA,NA,NA,NA,NA,NA,NA,NA,NA,NA,NA,NA,NA,NA,NA,NA,NA,NA,NA,NA,NA,NA,NA,NA,NA,NA,NA,NA,NA,NA,NA,NA,NA,NA,NA,NA,NA,NA,NA,NA,NA,NA,NA,NA,NA,NA,NA,NA,NA,NA,NA,NA,NA,NA,NA,NA,NA,NA,NA,NA,NA,NA,NA,NA,NA,NA,NA,NA,NA,9.61,40,100,0,0,17
"139",139,3574500,99999,44,126,124,62.6,28.8,15.7,11,8.11,5.56,3.14,4.15,9.4,20600,17200,19400,15400,17700,5790,3590,3630,5980,7830,9780,21000,1254.63844086022,1143.78761061947,1252.39247311828,929.313888888889,565.42311827957,242.582083333333,177.202150537634,119.820833333333,120.308458333333,157.664892473118,379.88152173913,1095.49565217391,NA,NA,NA,NA,NA,NA,NA,NA,NA,NA,NA,NA,NA,NA,NA,NA,NA,NA,NA,NA,NA,NA,NA,NA,NA,NA,NA,NA,NA,NA,NA,NA,NA,NA,NA,NA,NA,NA,NA,NA,NA,NA,NA,NA,NA,NA,NA,NA,NA,NA,NA,NA,NA,NA,NA,NA,NA,NA,NA,NA,NA,NA,NA,NA,NA,NA,NA,NA,NA,NA,NA,NA,13,52.1,100,0,0,13
"140",140,3574796,99999,44,126,124,62.6,28.8,15.7,11,8.11,5.56,3.14,4.15,9.4,20600,17200,19400,15400,17700,5790,3590,3630,5980,7830,9780,21000,1254.63844086022,1143.78761061947,1252.39247311828,929.313888888889,565.42311827957,242.582083333333,177.202150537634,119.820833333333,120.308458333333,157.664892473118,379.88152173913,1095.49565217391,NA,NA,NA,NA,NA,NA,NA,NA,NA,NA,NA,NA,NA,NA,NA,NA,NA,NA,NA,NA,NA,NA,NA,NA,NA,NA,NA,NA,NA,NA,NA,NA,NA,NA,NA,NA,NA,NA,NA,NA,NA,NA,NA,NA,NA,NA,NA,NA,NA,NA,NA,NA,NA,NA,NA,NA,NA,NA,NA,NA,NA,NA,NA,NA,NA,NA,NA,NA,NA,NA,NA,NA,13,52.1,100,0,0,0
"141",141,3575000,99999,371,331,327,327,173,160,72,72,83,91,104,133,8010,25600,15500,3080,12400,3560,1090,683,420,557,3700,3390,1071.41935483871,1463.64285714286,1541.06451612903,806.116666666667,650.209677419355,387.3,209.483870967742,183.887096774194,134.716666666667,170.048387096774,404.016666666667,652.403225806452,NA,NA,NA,NA,NA,NA,NA,NA,NA,NA,NA,NA,NA,NA,NA,NA,NA,NA,NA,NA,NA,NA,NA,NA,NA,NA,NA,NA,NA,NA,NA,NA,NA,NA,NA,NA,NA,NA,NA,NA,NA,NA,NA,NA,NA,NA,NA,NA,NA,NA,NA,NA,NA,NA,NA,NA,NA,NA,NA,NA,NA,NA,NA,NA,NA,NA,NA,NA,NA,NA,NA,NA,97,170,100,0,0,13
"142",142,3575100,99999,129,189,169,164,82.6,54,64.4,54.4,69.1,62.6,72.8,114,12800,24000,12300,35100,22400,7880,5650,3090,3840,4290,8090,28300,1109.22222222222,1028.06679764244,992.186379928315,906.798148148148,645.204659498208,334.936296296296,304.383691756272,219.085125448029,202.437777777778,220.610186757216,359.352037037037,1110.85483870968,NA,NA,NA,NA,NA,NA,NA,NA,NA,NA,NA,NA,NA,NA,NA,NA,NA,NA,NA,NA,NA,NA,NA,NA,NA,NA,NA,NA,NA,NA,NA,NA,NA,NA,NA,NA,NA,NA,NA,NA,NA,NA,NA,NA,NA,NA,NA,NA,NA,NA,NA,NA,NA,NA,NA,NA,NA,NA,NA,NA,NA,NA,NA,NA,NA,NA,NA,NA,NA,NA,NA,NA,86,139,100,0,0,0
"143",143,3575830,99999,6.5,15,17,15,8.6,5.5,3.7,1.4,1.1,1.1,2.3,3.3,2010,3080,1990,4370,1710,1340,2530,192,570,863,1390,3460,172.472183098592,206.614232209738,201.458596491228,143.890545454545,74.3555944055944,57.3948638132296,40.7092,14.8278225806452,14.3502074688797,22.001146953405,37.9972426470588,127.369896193772,NA,NA,NA,NA,NA,NA,NA,NA,NA,NA,NA,NA,NA,NA,NA,NA,NA,NA,NA,NA,NA,NA,NA,NA,NA,NA,NA,NA,NA,NA,NA,NA,NA,NA,NA,NA,NA,NA,NA,NA,NA,NA,NA,NA,NA,NA,NA,NA,NA,NA,NA,NA,NA,NA,NA,NA,NA,NA,NA,NA,NA,NA,NA,NA,NA,NA,NA,NA,NA,NA,NA,NA,3.2,9.8,100,0,0,16
"144",144,3576250,99999,25.8,69.6,46.5,34.8,17.5,10.7,10.5,7.59,8.1,6.97,9.97,15,9530,10600,4840,8850,6300,2800,7440,1530,1670,2970,4350,9040,403.537829912023,342.287620578778,354.046627565982,279.854545454545,182.742082111437,118.983181818182,94.9507331378299,55.7644868035191,66.5921363636364,84.9963534361851,130.311303030303,349.417302052786,NA,NA,NA,NA,NA,NA,NA,NA,NA,NA,NA,NA,NA,NA,NA,NA,NA,NA,NA,NA,NA,NA,NA,NA,NA,NA,NA,NA,NA,NA,NA,NA,NA,NA,NA,NA,NA,NA,NA,NA,NA,NA,NA,NA,NA,NA,NA,NA,NA,NA,NA,NA,NA,NA,NA,NA,NA,NA,NA,NA,NA,NA,NA,NA,NA,NA,NA,NA,NA,NA,NA,NA,15,35,100,0,0,24
"145",145,3576500,99999,23,41.7,46,16.6,2.86,0.38,0.5,0.06,0,0,0.01,5.9,3840,6260,4000,1480,2620,3000,700,856,1140,2290,1490,13700,393.162365591398,331.053687315634,299.081989247312,194.079444444444,109.94185483871,88.8047777777778,32.4153225806452,25.6025806451613,19.2716944444444,61.173083573487,85.0095151515151,302.257771260997,NA,NA,NA,NA,NA,NA,NA,NA,NA,NA,NA,NA,NA,NA,NA,NA,NA,NA,NA,NA,NA,NA,NA,NA,NA,NA,NA,NA,NA,NA,NA,NA,NA,NA,NA,NA,NA,NA,NA,NA,NA,NA,NA,NA,NA,NA,NA,NA,NA,NA,NA,NA,NA,NA,NA,NA,NA,NA,NA,NA,NA,NA,NA,NA,NA,NA,NA,NA,NA,NA,NA,NA,0.788,12,100,0,0,14
"146",146,3586500,99999,5,50,30.7,25.9,5.4,2.18,0.69,1.03,0.78,0.61,0.5,2.19,9500,8940,6510,10100,5670,5310,6240,2470,2230,3300,4390,7300,550.573440860215,501.92197640118,501.300672043011,391.218055555556,233.658857526882,138.107972222222,104.674435483871,55.5850806451613,65.0442916666667,95.4072983870968,146.239347826087,462.843955119215,NA,NA,NA,NA,NA,NA,NA,NA,NA,NA,NA,NA,NA,NA,NA,NA,NA,NA,NA,NA,NA,NA,NA,NA,NA,NA,NA,NA,NA,NA,NA,NA,NA,NA,NA,NA,NA,NA,NA,NA,NA,NA,NA,NA,NA,NA,NA,NA,NA,NA,NA,NA,NA,NA,NA,NA,NA,NA,NA,NA,NA,NA,NA,NA,NA,NA,NA,NA,NA,NA,NA,NA,2.66,19.2,100,0,0,23
"147",147,3589250,99999,5,50,30.7,25.9,5.4,2.18,0.69,1.03,0.78,0.61,0.5,2.19,9500,8940,6510,10100,5670,5310,6240,2470,2230,3300,4390,7300,550.573440860215,501.92197640118,501.300672043011,391.218055555556,233.658857526882,138.107972222222,104.674435483871,55.5850806451613,65.0442916666667,95.4072983870968,146.239347826087,462.843955119215,NA,NA,NA,NA,NA,NA,NA,NA,NA,NA,NA,NA,NA,NA,NA,NA,NA,NA,NA,NA,NA,NA,NA,NA,NA,NA,NA,NA,NA,NA,NA,NA,NA,NA,NA,NA,NA,NA,NA,NA,NA,NA,NA,NA,NA,NA,NA,NA,NA,NA,NA,NA,NA,NA,NA,NA,NA,NA,NA,NA,NA,NA,NA,NA,NA,NA,NA,NA,NA,NA,NA,NA,2.66,19.2,100,0,0,24
"148",148,3591800,99999,5,50,30.7,25.9,5.4,2.18,0.69,1.03,0.78,0.61,0.5,2.19,9500,8940,6510,10100,5670,5310,6240,2470,2230,3300,4390,7300,550.573440860215,501.92197640118,501.300672043011,391.218055555556,233.658857526882,138.107972222222,104.674435483871,55.5850806451613,65.0442916666667,95.4072983870968,146.239347826087,462.843955119215,NA,NA,NA,NA,NA,NA,NA,NA,NA,NA,NA,NA,NA,NA,NA,NA,NA,NA,NA,NA,NA,NA,NA,NA,NA,NA,NA,NA,NA,NA,NA,NA,NA,NA,NA,NA,NA,NA,NA,NA,NA,NA,NA,NA,NA,NA,NA,NA,NA,NA,NA,NA,NA,NA,NA,NA,NA,NA,NA,NA,NA,NA,NA,NA,NA,NA,NA,NA,NA,NA,NA,NA,2.66,19.2,100,0,0,21
"149",149,3592000,99999,5,50,30.7,25.9,5.4,2.18,0.69,1.03,0.78,0.61,0.5,2.19,9500,8940,6510,10100,5670,5310,6240,2470,2230,3300,4390,7300,550.573440860215,501.92197640118,501.300672043011,391.218055555556,233.658857526882,138.107972222222,104.674435483871,55.5850806451613,65.0442916666667,95.4072983870968,146.239347826087,462.843955119215,NA,NA,NA,NA,NA,NA,NA,NA,NA,NA,NA,NA,NA,NA,NA,NA,NA,NA,NA,NA,NA,NA,NA,NA,NA,NA,NA,NA,NA,NA,NA,NA,NA,NA,NA,NA,NA,NA,NA,NA,NA,NA,NA,NA,NA,NA,NA,NA,NA,NA,NA,NA,NA,NA,NA,NA,NA,NA,NA,NA,NA,NA,NA,NA,NA,NA,NA,NA,NA,NA,NA,NA,2.66,19.2,100,0,0,22
"150",150,3592200,99999,5,50,30.7,25.9,5.4,2.18,0.69,1.03,0.78,0.61,0.5,2.19,9500,8940,6510,10100,5670,5310,6240,2470,2230,3300,4390,7300,550.573440860215,501.92197640118,501.300672043011,391.218055555556,233.658857526882,138.107972222222,104.674435483871,55.5850806451613,65.0442916666667,95.4072983870968,146.239347826087,462.843955119215,NA,NA,NA,NA,NA,NA,NA,NA,NA,NA,NA,NA,NA,NA,NA,NA,NA,NA,NA,NA,NA,NA,NA,NA,NA,NA,NA,NA,NA,NA,NA,NA,NA,NA,NA,NA,NA,NA,NA,NA,NA,NA,NA,NA,NA,NA,NA,NA,NA,NA,NA,NA,NA,NA,NA,NA,NA,NA,NA,NA,NA,NA,NA,NA,NA,NA,NA,NA,NA,NA,NA,NA,2.66,19.2,100,0,0,28
"151",151,3592300,99999,5,50,30.7,25.9,5.4,2.18,0.69,1.03,0.78,0.61,0.5,2.19,9500,8940,6510,10100,5670,5310,6240,2470,2230,3300,4390,7300,550.573440860215,501.92197640118,501.300672043011,391.218055555556,233.658857526882,138.107972222222,104.674435483871,55.5850806451613,65.0442916666667,95.4072983870968,146.239347826087,462.843955119215,NA,NA,NA,NA,NA,NA,NA,NA,NA,NA,NA,NA,NA,NA,NA,NA,NA,NA,NA,NA,NA,NA,NA,NA,NA,NA,NA,NA,NA,NA,NA,NA,NA,NA,NA,NA,NA,NA,NA,NA,NA,NA,NA,NA,NA,NA,NA,NA,NA,NA,NA,NA,NA,NA,NA,NA,NA,NA,NA,NA,NA,NA,NA,NA,NA,NA,NA,NA,NA,NA,NA,NA,2.66,19.2,100,0,0,20
"152",152,3592500,99999,329,237,382,671,184,105,107,119,66,67.1,140,742,5560,5120,4900,3940,3490,3250,3890,659,464,8280,3980,10700,2459.48387096774,1587.54385964912,1947.96774193548,1955.08333333333,719.564516129032,437.907692307692,476.666666666667,244.52688172043,138.015555555556,525.640860215054,1352.16666666667,2456.95161290323,NA,NA,NA,NA,NA,NA,NA,NA,NA,NA,NA,NA,NA,NA,NA,NA,NA,NA,NA,NA,NA,NA,NA,NA,NA,NA,NA,NA,NA,NA,NA,NA,NA,NA,NA,NA,NA,NA,NA,NA,NA,NA,NA,NA,NA,NA,NA,NA,NA,NA,NA,NA,NA,NA,NA,NA,NA,NA,NA,NA,NA,NA,NA,NA,NA,NA,NA,NA,NA,NA,NA,NA,100,174,100,0,0,25
