sitename,total_disturbance_index
1011000,13
1013500,9
1015800,9
1016500,7
1017000,9
1018000,19
1019000,17
1021200,21
1021500,11
1022500,12
1023000,9
1029500,11
1030000,21
1030500,14
1031500,17
1033000,16
1033500,8
1034000,16
1034500,20
1035000,19
1036500,9
1038000,20
1041000,16
1042500,18
1043500,13
1045000,14
1046000,8
1046500,17
1047000,13
1048000,15
1049000,22
1049265,22
1049500,21
1052500,8
1053500,16
1054000,23
1054200,6
1054300,6
1054500,18
1055000,4
1055500,14
1057000,17
1058500,25
1059000,26
1059800,13
1060000,12
1064118,32
1064300,5
1064400,2
1064500,10
1065000,16
1065500,16
1066000,16
1066500,20
1069500,25
1072500,21
1073000,14
1073500,25
1073600,14
1075000,11
1075800,4
1076000,18
1076500,16
1077000,18
1078000,14
1081000,34
1081500,26
1082000,20
1083000,29
1084000,15
1084500,14
1085000,25
1085500,34
1085800,10
1086000,18
1087000,21
1088000,29
1089000,17
1089500,27
1090800,30
1091000,16
1091500,27
1092000,29
1093000,24
1093800,6
1094000,27
1094400,20
1094500,30
1096000,15
1096500,31
10965852,23
1097000,35
1097300,16
1098530,34
1099500,36
1100000,31
1100600,18
1101000,20
1101500,23
1102000,26
1102500,22
1103500,25
1104200,25
1104500,29
1105000,27
1105500,20
1105600,16
1105730,23
1105870,20
1105880,21
1106000,32
1108000,29
1108500,22
1109000,28
1109060,29
1109070,14
1109403,34
1109500,37
1110000,26
1110500,35
1111200,25
1111300,15
1111500,29
1112500,34
1114000,25
1114500,29
1116000,21
1116500,31
1117000,19
1117350,16
1117420,13
1117468,11
1117500,20
1117800,14
1118000,17
1118300,9
1118500,20
1119500,27
1120000,15
1120500,14
1121000,16
1122000,27
1122500,30
1123000,14
1123360,32
1123600,35
1124000,34
1124151,33
1124350,32
1125000,32
1125500,35
1126000,18
1126500,18
1127000,30
1127500,17
1127880,9
1128500,23
1129200,19
1130000,8
1133000,9
1134500,5
1135000,7
1135500,16
1137500,5
1138000,13
1139000,18
1139800,7
1141500,11
1141800,6
1142500,9
1144000,12
1145000,9
1150500,15
1150900,14
1151500,19
1152500,26
1153000,26
1153500,16
1153550,15
1154000,13
1154500,26
1155000,10
1155500,18
1156000,21
1156500,27
1157000,12
1158000,12
1158600,20
1160000,17
1161000,21
1161500,17
1162000,32
1162500,14
1163200,29
1164000,29
1165000,20
1165500,11
1166500,28
1168151,29
1168500,26
1169000,21
1169900,12
1170000,26
1170100,13
1170500,27
1171300,11
1171500,13
1172500,32
1173000,30
1173500,33
1174000,10
1174600,9
1174900,7
1175500,21
1175670,20
1176000,28
1177000,31
1179500,16
1180000,16
1180500,22
1181000,15
1183500,30
1184000,27
1184100,15
1184490,16
1184500,16
1185500,26
1186000,29
1186500,30
1187300,11
1187400,11
1187800,14
1188000,13
1188090,30
1189000,33
1189995,33
1190000,34
1190500,22
1191000,24
1192500,32
1192883,20
1193500,18
1194500,15
1195100,17
1195200,19
1196500,27
1196620,18
1197000,27
1197500,29
1198000,12
1198500,23
1199000,27
1199050,18
1199200,11
1200000,21
1200500,23
1204000,19
1205500,30
1205600,19
1205700,23
1206900,34
1208500,35
1208873,23
1208925,27
1208950,16
1208990,16
1209700,22
1300000,23
1300500,20
1301000,27
1301500,28
1302000,34
1302500,22
1303000,25
1303500,24
1304000,25
1304500,24
1305000,23
1305500,21
1306000,25
1306440,18
1306460,17
1306500,22
1307000,20
1307500,20
1308000,22
1308500,23
1309000,19
1309500,23
1310000,28
1310500,24
1311000,22
1311500,27
1312000,12
1315000,13
1315500,15
1317000,19
1318500,16
1319000,6
1321000,11
1325000,16
1327750,22
1328000,10
1329000,8
1329490,14
1329500,14
1330000,14
1330500,12
1331095,21
1331500,20
1332000,9
1332500,24
1333000,8
1333500,10
1334000,17
1334500,20
1335754,23
1336000,13
1346000,16
1347000,24
1348000,17
1349000,10
1350000,17
1350080,13
1350120,16
1350140,15
1350180,24
1350355,22
1351500,24
1357500,27
1358000,24
1359750,13
1361500,14
1362200,17
1362500,14
1364500,25
1365000,8
1365500,18
1366650,20
1367500,24
1368000,25
1369000,23
1369500,21
1371500,29
1372500,21
1375000,37
1376500,27
1376800,35
1377000,35
1377500,27
1378500,35
1379000,24
1379500,27
1379530,20
1379773,17
1379780,19
1379790,21
1380500,28
1381000,29
1381500,27
1381900,33
1382500,33
1383500,30
1384500,19
1386000,24
1387400,26
1387420,26
1387450,18
1387500,30
1388000,31
1388500,40
1389500,37
1390500,21
1391000,31
1391500,26
1392210,32
1393450,23
1393500,23
1394500,22
1395000,23
1396000,26
1396500,19
1396580,18
1396660,16
1396800,31
1397000,31
1398000,16
1398500,28
1399500,22
1399510,17
1399670,35
1400000,25
1400500,33
1401000,29
1401650,14
1402000,30
1402600,21
1403060,37
1403150,17
1403400,21
1403500,21
1403535,18
1403540,24
1405000,25
1405400,20
1405500,24
1407500,31
1407705,30
1407760,21
1408000,26
1408120,20
1408500,20
1409400,17
1409500,19
1409810,17
1410000,18
1410150,16
1410500,20
1411000,18
1411300,15
1411500,25
1413500,14
1414000,12
1414500,9
1415000,18
1417000,18
1417500,26
1418500,18
1419500,16
1420000,18
1420500,21
1420980,24
1421000,25
1421900,17
1422000,18
1422500,16
1423000,19
142400103,12
1425000,27
1426000,21
1426500,25
1427500,18
1427510,25
1428000,18
1428500,24
1428750,14
1429000,26
1429500,22
1430000,24
1431500,26
1432000,25
1433500,28
1434000,26
1434025,7
1435000,12
1436000,17
1436500,26
1437000,30
1437500,29
1438500,29
1439500,14
1440000,14
1440200,26
1440400,22
1442500,30
1443500,23
1443900,33
1445500,29
1446500,30
1447500,17
1447680,14
1447720,24
1447800,24
1448500,5
1449000,26
1449360,18
1449500,30
1449800,32
1450000,31
1450500,22
1451000,34
1451500,17
1451650,18
1451800,16
1452000,21
1452500,22
1453000,32
1454700,32
1456000,32
1457000,28
1457500,31
1459500,29
1463500,29
1464000,41
1464500,20
1464645,32
1465500,31
1465798,24
1465850,20
1466500,14
1467000,23
1467048,25
1467081,24
1467086,24
1467087,24
1467150,24
1467500,24
1468500,29
1469500,29
1470500,32
1470756,26
1470779,25
1470853,23
1470960,38
1471000,37
1471510,34
1471980,24
1472000,32
1472157,20
1472198,15
1472199,14
1472620,18
1473000,29
1473120,24
1473169,21
1473800,33
1474000,25
1474500,32
1475000,28
1475300,23
1475510,24
1475550,24
1475850,22
1477000,27
1477120,21
1477800,23
1478000,20
1478500,21
1479000,22
1480000,30
1480300,17
1480500,28
1480617,34
1480675,18
1480685,34
1480700,34
1480870,34
1481000,32
1481500,32
1482500,20
1483000,17
1483200,15
1483700,16
1484000,13
1484100,10
1484300,16
1484500,22
1484800,10
1485000,16
1485500,10
1486000,7
1486500,21
1487000,13
1488500,13
1489000,14
1490000,13
1491000,15
1492000,11
1493000,16
1493500,12
1495000,17
1496000,17
1496200,13
1496500,13
1498500,15
1500000,25
1500500,23
1502000,12
1502500,14
1503000,21
1505000,22
1505500,15
1507000,20
1507500,16
1509000,15
1510000,11
1510500,12
1512500,18
1514000,16
1515000,24
1516350,8
1516500,9
1517000,8
1518000,21
1518500,13
1518700,22
1518862,19
1520000,20
1520500,23
1521500,7
1523500,22
1524500,24
1525500,22
1526000,12
1526500,21
1527000,12
1528000,14
1529000,23
1529500,20
1529950,26
1530500,30
1531000,24
1531500,27
1532000,12
1533400,24
1534000,23
1534300,25
1534500,31
1536000,32
1536500,25
1537000,26
1537500,13
1538000,24
1539000,15
1540500,26
1541000,17
1541200,23
1541303,29
1541500,21
1542000,14
1542500,25
1542810,4
1543000,6
1543500,11
1544000,14
1544500,5
1545000,15
1545500,20
1545600,5
1546400,13
1546500,17
1547100,24
1547200,21
1547500,25
1547700,8
1547950,7
1548000,21
1548005,21
1548500,11
1549500,9
1549700,14
1550000,8
1551500,24
1552000,11
1552500,10
1553500,25
1553700,32
1554000,25
1554500,19
1555000,15
1555500,13
1556000,26
1557500,9
1558000,21
1559000,21
1560000,12
1562000,20
1563200,23
1563500,24
1564500,11
1565000,18
1567000,22
1567500,9
1568000,10
1568500,22
1569800,18
1570000,25
1571500,27
1573000,29
1573560,27
1574000,30
1574500,40
1575000,34
1575500,37
1576500,28
1576754,26
1580000,21
1581500,15
1581700,21
1582000,17
1582500,21
1583000,16
1583500,16
1583600,18
1584050,15
1584500,16
1585100,21
1585200,21
1585300,20
1585400,19
1585500,17
1586000,20
1586210,14
1586610,13
1587500,18
1589000,30
1589100,22
1589300,18
1589330,22
1589440,16
1589500,16
1590000,13
1591000,15
1591400,15
1591610,24
1591700,23
1592500,36
1593500,27
1594000,23
1594440,32
1594500,20
1594930,8
1594936,7
1595000,17
1595200,22
1595300,16
1595500,20
1595800,25
1596500,11
1597000,10
1597500,20
1598500,26
1599000,13
1600000,29
1601000,10
1601500,11
1603000,29
1603500,7
1604500,28
1605500,7
1606000,10
1606500,10
1607500,20
1608000,20
1608500,25
1610000,26
1611500,16
1613000,25
1613050,7
1613900,16
1614090,7
1614500,23
1615000,20
1616000,16
1616500,19
1617000,14
1617800,16
1618000,27
1619000,25
1619500,25
1620500,5
1622000,29
1624800,20
1625000,18
1626000,27
1626850,32
1627500,27
1628500,26
1629500,24
1631000,24
1632000,16
1632082,14
1632900,11
1633000,19
1634000,18
1634500,11
1635500,11
1636210,15
1636500,27
1637500,13
1638480,16
1638500,26
1639000,24
1639500,13
1640500,10
1641000,30
1641500,10
1642500,16
1643000,25
1643500,19
1643700,18
1644000,21
1645000,33
1645200,21
1646000,29
1646500,28
1646502,28
1646550,24
1648000,36
1649500,23
1650500,20
1651000,31
1652500,23
1653000,35
1653500,19
1653600,18
1654000,24
1655500,26
1656000,23
1656500,15
1657000,28
1658000,15
1658500,9
1660400,14
1660920,12
1661000,12
1661050,11
1661500,27
1661800,9
1662000,14
1662500,7
1662800,9
1663500,11
1664000,15
1665000,20
1665500,10
1666500,17
1667500,19
1668000,19
1668500,14
1669000,11
1669500,10
1669520,11
1670000,7
1671000,33
1671020,33
1671100,26
1671500,23
1672500,25
1673000,32
1673500,20
1673550,18
1673800,18
1674000,20
1674500,19
2011400,7
2011460,7
2011470,15
2011490,26
2011500,17
2011800,22
2012500,21
2013000,8
2013100,25
2014000,8
2015700,7
2016000,8
2016500,23
2017500,18
2018000,14
2018500,8
2019500,20
2020500,6
2021500,13
2022500,8
2024000,18
2025500,22
2026000,23
2027000,7
2027500,7
2027800,20
2028500,12
2029000,19
2030000,16
2030500,16
2031000,22
2032250,17
2032680,22
2034000,26
2034500,18
2035000,23
2036500,15
2037500,21
2038000,28
2038850,8
2039000,21
2039500,18
2040000,19
2041000,13
2041650,23
2042500,19
2043500,12
2044000,8
2044500,16
2045500,15
2046000,12
2047000,14
2047500,15
2048000,15
2049500,16
2051000,8
2051500,12
2051600,12
2052000,17
2052500,13
2053200,10
2053500,9
2053800,12
2054500,12
2055000,22
2055100,16
2056000,26
2056650,13
2056900,17
2058400,15
2059500,12
2060500,32
2061500,20
2062500,29
2064000,15
2065500,8
2066000,24
2066500,14
2068500,22
2069700,13
2070000,17
2070500,17
2071000,30
2072000,26
2072500,26
2073000,26
2074000,27
2074500,15
2075000,30
2075500,27
2076500,17
2077000,18
2077200,12
2077303,34
2077500,32
2077670,29
2079640,9
2080500,33
208111310,9
2081500,16
2081747,19
2082000,21
2082506,21
2082585,21
2082770,15
2082950,10
2083000,12
2083500,20
2083800,16
2084160,11
2084557,14
2085000,19
2085070,22
208521324,16
2085220,16
2085500,20
2086000,14
2086500,24
2087000,27
2087183,31
2087500,32
2087570,30
2088000,23
2088470,17
2088500,16
2089000,32
208925200,21
2089500,26
2090380,18
2091000,15
2091500,18
2091700,19
2092000,11
2092500,10
2093000,11
2093500,29
2093800,19
2094500,31
2095500,28
2096500,32
2096700,20
2096960,27
2097314,25
209741955,26
2097517,26
2098000,24
2099000,23
2099500,33
2100500,28
2101800,17
2102000,26
2102192,32
2102500,29
2102908,9
2103500,25
2105500,29
2105769,26
2105900,15
2106000,15
2106500,16
2107000,15
2107500,11
2108000,17
2108500,13
2109500,18
2110500,18
2111000,8
2111180,9
2111500,16
2112000,20
2112120,10
2112250,21
2112360,17
2113000,15
2113850,25
2114450,27
2115360,25
2115500,13
2116500,26
2117500,16
2118000,16
2118500,13
2120500,24
2120780,25
2123500,20
2123567,6
2125000,11
2126000,26
2127000,16
2128000,13
2129000,27
2130900,15
2130910,31
2131000,31
2131309,17
2131472,18
2131500,20
2132320,23
2132500,23
2133500,21
2133624,23
2134480,17
2134500,25
2135000,26
2135300,14
2136000,18
2137727,14
2138000,18
2138500,20
2140991,6
2142000,10
214253830,16
2142900,24
2143000,15
2143040,7
2143500,23
2144000,31
2145000,31
2146000,35
2146300,34
2146470,24
2146500,26
2146507,34
2146600,27
2146700,25
2146750,27
2146900,17
2147000,35
2147500,16
2148000,30
2149000,10
2151000,27
2151500,26
2152100,11
2152500,20
2153500,30
2153780,16
2154500,26
2155500,29
2156000,31
2156050,18
2156500,31
2157000,29
2159000,30
2160000,22
2160105,26
2160500,26
2160700,24
2161000,29
2161500,30
2162010,20
2162093,23
2162350,20
2162500,30
2163000,31
2163500,32
2164000,22
2165000,21
2165200,24
2166970,12
2167000,27
2169000,28
2169500,29
2169550,23
2169570,28
2169630,19
2171680,14
2173000,21
2173500,22
2174000,23
2174250,10
2175000,23
2175500,26
2176500,18
2177000,16
2178400,6
2182000,13
2185200,22
2186000,25
2187500,37
2188500,17
2189000,38
2191200,21
2192000,20
2192500,12
2193340,7
2193500,11
2196000,14
2196820,16
2197000,33
2197300,18
2197310,18
2197315,18
2197320,31
2197334,16
2197338,20
2197339,17
2197340,17
2197342,15
2197344,15
2197348,7
2197380,29
2197400,26
2197500,32
2197520,13
2197600,16
2197830,20
2198000,20
2198100,11
2198500,30
2201000,15
2202500,17
2202600,14
2203000,19
2204070,30
2205000,19
2206500,29
2208450,21
2210500,27
2212600,10
2213000,28
2213050,13
2213500,28
2214500,21
2215100,14
2215500,25
2216180,11
2217000,17
2217475,20
2217500,19
2218300,22
2218500,20
2219000,17
2219500,21
2220550,6
2220900,19
2221000,15
2221525,18
2223000,28
2223500,25
2224000,14
2225000,24
2225500,16
2226000,22
2226100,14
2226500,18
2227000,13
2227500,15
2228000,18
2228500,9
2229000,10
2230500,20
2231000,16
2231268,9
2231280,10
2231600,16
2232000,19
2232200,17
2232400,28
2232500,28
2233200,26
2233500,27
2234000,28
2234324,27
2234384,17
2234400,25
2234990,29
2235000,26
2235200,18
2236000,30
2237293,22
2238000,29
2238500,29
2240000,27
2240500,27
2240902,11
2240954,15
2243000,21
2243960,26
2244420,15
2244473,18
2245050,20
2245140,14
2245255,15
2245500,12
2246000,22
2246150,8
2246300,17
2246828,20
2246900,16
2247510,20
2248000,18
2249500,25
2256500,17
2262900,28
2263800,25
2263869,21
2264100,28
2266200,12
2266205,12
2266300,19
2266480,13
2266500,32
2267000,15
2268903,31
2270500,21
2271500,34
2273000,28
2274500,21
2277000,34
2277600,26
2292900,31
2294650,41
2294898,42
2295013,18
2295420,34
2296223,19
2296500,19
2296750,35
2297100,20
2297155,15
2297310,15
2298123,18
2298202,22
2298608,15
2298830,16
2299950,18
2300100,31
2300500,26
2300700,15
2301000,38
2301300,35
2301500,36
2301750,18
2301800,39
2301900,23
2301990,19
2302500,34
2303000,32
2303300,28
2303330,30
2303400,19
2303420,21
2303800,23
2304500,32
2306500,26
2306647,24
2306774,25
2307000,28
2307323,22
2307359,20
2309848,24
2310000,20
2310147,13
2310947,16
2311500,18
2312000,20
2312200,19
2312500,20
2312600,21
2312667,10
2312720,24
2313000,27
2313230,26
2314200,7
2314500,10
2315500,17
2315550,23
2316000,18
2317500,19
2318000,19
2318700,16
2319000,23
2319500,25
2320500,20
2320700,15
2321000,15
2321500,17
2322000,15
2322500,15
2323500,21
2324000,9
2324400,17
2324500,22
2325000,22
2326000,13
2326500,18
2326512,16
2326900,17
2327100,9
2327500,23
2328000,14
2329000,19
2329500,16
2329600,18
2330000,21
2330100,13
2330450,17
2331000,20
2331600,25
2333500,18
2334430,32
2334500,31
2334885,22
2335000,32
2335450,34
2335700,22
2335870,25
2336000,34
2336300,25
2336490,37
2337000,22
2337170,36
2337500,25
2338000,32
2338660,27
2339500,31
2340500,16
2341500,30
2341800,14
2342500,16
2342933,10
2343300,10
2343801,27
2344350,26
2344500,27
2344700,35
2346180,24
2346500,24
2347500,26
2349000,12
2349500,22
2349900,14
2350512,22
2350600,11
2350900,13
2351890,18
2352500,21
2353000,22
2353400,16
2353500,16
2356000,20
2357000,18
2358000,25
2358700,25
2358754,25
2359000,23
2359170,24
2359500,13
2361000,11
2362240,9
2363000,8
2364500,11
2364570,12
2365500,16
2366000,20
2366500,15
2367000,11
2367310,11
2368000,14
2368500,16
2369000,14
2369800,9
2370000,13
2370500,13
2370700,11
2371200,6
2371500,8
2372250,11
2373000,11
2373500,10
2374500,9
2375500,15
2376000,16
2376115,24
2376300,19
2376500,16
2377570,14
2378500,10
2379500,23
2380500,29
2381600,9
2382200,20
2382500,29
2383000,20
2383500,27
2384500,15
2384540,7
2385800,17
2387000,21
2387500,24
2388000,8
2388300,28
2388320,28
2388500,27
2389000,14
2392000,21
2392500,27
2394000,33
2395000,31
2395120,17
2396000,30
2397000,30
2397500,23
2398000,23
2398300,20
2399200,16
2400100,23
2400500,33
2401000,17
2401390,14
2403500,6
2404000,28
2404400,24
2405500,23
2406500,26
2407000,31
2408500,9
2408540,9
2410000,6
2411000,26
2411800,19
2412000,16
2413300,22
2414500,22
2414715,22
2415000,11
2418500,28
2419000,17
2420000,30
2421000,16
2422000,12
2422500,10
2423000,27
2423380,26
2423425,34
2423500,34
2423630,18
2424000,26
2424500,24
2424590,23
2425000,22
2425500,9
2427700,8
2428500,9
2429900,9
2429980,9
2430000,26
2430085,8
2430615,5
2430680,12
2430880,10
2433000,10
2435020,21
2436500,23
2437100,25
2438000,9
2439400,10
2440000,18
2440500,17
2441390,22
2442000,13
2443000,11
2443500,13
2444000,11
2444160,21
2444500,21
2446500,13
2447025,20
2448000,23
2448500,21
2449000,21
2449245,16
2450000,27
2450180,25
2450250,7
2453000,15
2455000,26
2455500,20
2456000,22
2456500,24
2457000,18
2458450,24
2461500,25
2462000,30
2462500,30
2462951,28
2464000,9
2464146,6
2464360,8
2465000,31
2465493,6
2466030,27
2467000,25
2467500,13
2468500,13
2469761,21
2469800,6
2471001,17
2472000,13
2472500,19
2473000,21
2473460,14
2473500,23
2474500,17
2474560,23
2474600,16
2475000,18
2475500,15
2476000,18
2476500,18
2476600,28
2477000,21
2477990,15
2478500,16
2479000,18
2479130,20
2479155,6
2479160,18
2479300,15
2479431,9
2479500,21
2479560,20
2481000,12
2481510,14
2481880,19
2482000,18
2482550,16
2483000,17
2484000,10
2484500,12
2485700,23
2486000,22
2487500,13
2488000,19
2488500,22
2488700,13
2489500,19
2490105,13
2490500,14
2492000,18
3007800,6
3010500,11
3010655,7
3011020,16
3011800,9
3012550,21
3012600,21
3013000,20
3014500,38
3015000,27
3015500,15
3016000,22
3017500,12
3020000,13
3020500,14
3021350,15
3021500,15
3021520,22
3022540,11
3024000,22
3025000,15
3025500,23
3026500,5
3027500,20
3028000,8
3028500,17
3029500,18
3030500,23
3031500,22
3032500,24
3034000,21
3034500,16
3036000,23
3036500,24
3038000,30
3039000,28
3040000,27
3041000,27
3041500,28
3042000,20
3042280,28
3042500,30
3044000,29
3045000,19
3047000,23
3048500,28
3049000,15
3049500,26
3049800,18
3050000,6
3050500,16
3051000,20
3052000,6
3052500,12
3053500,14
3054500,19
3056000,19
3056250,14
3057000,22
3058000,19
3058500,27
3059000,23
3059500,12
3061000,24
3061500,25
3062400,14
3062500,28
3065000,8
3066000,11
3069000,9
3069500,10
3070000,11
3070500,13
3072000,20
3072500,25
3072655,25
3073000,25
3074500,19
3075000,30
3075070,28
3075500,14
3076500,21
3076600,10
3077500,22
3078000,9
3079000,18
3080000,15
3081000,22
3082500,20
3083000,8
3083500,28
3084000,23
3085000,30
3085500,26
3086500,17
3089500,11
3090500,30
3091500,29
3092000,11
3092090,15
3092460,27
3092500,26
3093000,12
3094000,26
3095500,23
3097550,30
3098000,30
3098500,21
3098600,29
3099500,31
3101500,25
3102500,23
3102850,32
3102950,14
3103500,30
3105500,30
3106000,27
3106300,30
3106500,27
3107500,29
3108000,34
3109500,25
3110000,19
3111150,16
3111500,28
3111548,15
3112000,27
3114000,29
3114500,9
3115400,13
3116000,33
3116200,29
3117000,29
3117500,21
3118000,21
3118500,27
3122500,27
3123000,15
3124000,16
3124500,16
3125000,13
3127000,24
3127500,22
3128500,18
3129000,25
3130000,22
3130500,15
3131500,23
3132000,20
3133500,18
3135000,23
3136000,22
3136500,21
3137000,23
3138500,23
3139000,16
3140000,15
3140500,27
3141500,20
3142000,21
3143500,22
3144000,13
3144500,27
3145000,27
3146500,18
3147500,23
3150000,28
3151400,7
3151500,7
3152000,16
3153000,6
3153500,15
3154000,6
3154500,7
3155000,16
3155500,11
3156000,27
3157000,16
3157500,24
3159000,20
3159500,23
3159540,13
3161000,21
3164000,17
3165000,10
3165500,19
3167000,22
3167500,11
3168000,21
3170000,10
3171000,21
3171500,24
3173000,14
3175500,11
3176500,24
3179000,20
3180000,22
3180500,7
3182500,10
3183000,8
3183500,19
3184000,18
3185000,18
3185400,21
3186500,5
3187000,8
3187500,4
3189000,9
3189100,8
3189600,19
3190000,12
3190400,10
3191500,9
3192000,18
3193000,21
3194700,6
3195500,14
3196600,14
3196800,15
3197000,16
3198000,26
3198500,7
3199000,6
3200500,9
3201000,20
3201800,5
3202000,22
3202400,9
3202750,8
3203600,16
3204000,17
3204500,17
3206600,6
3207020,18
3207500,8
3207800,13
3207965,8
3208000,22
3208500,8
3208700,25
3208900,21
3208950,19
3209000,24
3209200,20
3209300,20
3209500,21
3210000,16
3211500,17
3212000,16
3212500,22
3213000,13
3213500,9
3213700,12
3214000,16
3214500,17
3215000,22
3215500,17
3216350,21
3216500,19
3216800,11
3217000,11
3218000,13
3220000,16
3221000,16
3223000,20
3224500,21
3225500,24
3226800,27
3227500,26
3228500,15
3228805,16
3229000,28
3229500,29
3230500,23
3230800,25
3230900,25
3231000,26
3231500,30
3232000,21
3232470,24
3232500,26
3234000,23
3234300,22
3234500,26
3235500,8
3237280,8
3237500,17
3238500,13
3240000,18
3241500,17
3244000,19
3245500,28
3247050,27
3247500,32
3248500,6
3249500,18
3250000,12
3250100,9
3251000,14
3251500,18
3252000,26
3252500,20
3253500,18
3255500,34
3257500,40
3259000,36
3260700,19
3261500,19
3261950,19
3262000,21
3262700,22
3263000,21
3264000,22
3265000,21
3266000,21
3266500,16
3267000,16
3267900,22
3269500,29
3270000,28
3270500,27
3270800,19
3271500,30
3271800,17
3272000,19
3272700,15
3274000,30
3274650,18
3274750,17
3274950,12
3275000,19
3275500,23
3275600,26
3276000,26
3276500,23
3276700,18
3277000,22
3277450,6
3277500,17
3278500,11
3280000,18
3280600,16
3280700,14
3280900,18
3281000,18
3281040,8
3281100,6
3281500,11
3282000,16
3282500,7
3283500,14
3284000,24
3284500,23
3285000,16
3287000,23
3287500,23
3288000,17
3288500,19
3289000,18
3289300,23
3289500,24
3290000,10
3290500,23
3291000,17
3291500,20
3291780,17
3292460,17
3292500,23
3293000,22
3294000,24
3295000,12
3295500,17
3295890,23
3297500,20
3298000,26
3298500,25
3299000,13
3300000,11
3300400,16
3301000,22
3301500,18
3302000,29
3302220,24
3302300,20
3302500,20
3302680,12
3302800,19
3303000,17
3303300,23
3303400,11
3304500,7
3305000,19
3306000,21
3306500,20
3307000,15
3307500,7
3308500,19
3310000,20
3310300,21
3310400,8
3311000,24
3311500,20
3311600,9
3312000,17
3313000,23
3313500,11
3313700,22
3314000,21
3314500,23
3315500,24
3316500,29
3318500,21
3318800,15
3319000,18
3320000,26
3320500,21
3322100,30
3322500,24
3322900,24
3323000,22
3323500,26
3324000,23
3324200,19
3324300,20
3324500,25
3325000,25
3325500,19
3326070,13
3326500,23
3327000,26
3327500,29
3327520,18
3328000,25
3328430,15
3328500,19
3329000,28
3329400,13
3329500,24
3329700,21
3330241,26
3330500,25
3331110,16
3331500,24
3332500,23
3333000,26
3333050,25
3333450,18
3333600,21
3333700,34
3334000,26
3334500,20
3335000,23
3335500,26
3335690,16
3335700,17
3336000,25
3336500,12
3336645,25
3336900,21
3337000,18
3339000,27
3339108,17
3339500,20
3340000,22
3340500,28
3340800,15
3340900,24
3341300,24
3341500,30
3342000,29
3342100,24
3342150,17
3342300,29
3342500,33
3343000,28
3343400,15
3344500,12
3345500,20
3346000,17
3347000,25
3347500,12
3348000,26
3348020,14
3348350,23
3348500,26
3349000,25
3349500,27
3349700,23
3350100,25
3350500,34
3350700,24
3351000,31
3351310,27
3351400,14
3351500,20
3352500,27
3353000,31
3353120,26
3353160,25
3353180,23
3353200,26
3353500,34
3353600,23
3353620,24
3353700,15
3353800,29
3354000,33
3354500,11
3355000,13
3356000,22
3357000,31
3357350,13
3357500,25
3358000,21
3359000,27
3360000,26
3360500,28
3361000,30
3361500,25
3361650,19
3361850,25
3362000,24
3362500,26
3363000,31
3363500,21
3363900,20
3364000,26
3364200,20
3364500,15
3365000,19
3365500,25
3366200,19
3366500,19
3368000,8
3369000,20
3369500,26
3371500,27
3371520,10
3372000,20
3372300,11
3372500,21
3373500,27
3373700,16
3374000,32
3374455,6
3374500,24
3375500,24
3375800,17
3376300,26
3376350,20
3376500,25
3378000,13
3378550,21
3378635,22
3379500,23
3380475,13
3380500,16
3381500,22
3382100,29
3383000,17
3384450,6
3385000,6
3386500,11
3400500,12
3400800,18
3401000,17
3402000,21
3403500,20
3403910,7
3404000,16
3404820,17
3404900,15
3406500,17
3408500,15
3409500,9
3410500,14
3413200,6
3414500,16
3415000,7
3416000,15
3417500,23
3418000,19
3418070,16
3420000,12
3421000,16
3422500,17
3425000,23
3426310,29
3426800,10
3427500,9
3428000,12
3428200,22
3428500,19
3431000,15
3431300,19
3431599,16
3431700,17
3431800,12
3432350,16
3433500,19
3434500,18
3435000,27
3435500,18
3436000,19
3436100,18
3436700,8
3438000,25
3438220,27
3439000,10
3440000,7
3441000,6
3441440,25
3443000,26
3446000,9
3448000,26
3448500,14
3450000,6
3451000,23
3451500,25
3453000,15
3453500,26
3454000,5
3455000,22
3455500,6
3456000,10
3456100,10
3456500,9
3456991,11
3457000,12
3457500,18
3459000,19
3459500,23
3460000,5
3461200,4
3461500,19
3463300,6
3464000,9
3465500,20
3466228,13
3466500,21
3467000,11
3469000,21
3470000,19
3470500,26
3471500,13
3473000,11
3474000,16
3475000,14
3476500,27
3478400,27
3479000,19
3484000,21
3485500,12
3486000,21
3487500,33
3487550,16
3488000,7
3490000,13
3490500,29
3491000,14
3491300,13
3494000,32
3495500,31
3497000,28
3497300,4
3498500,11
3498850,11
3500000,19
3500240,11
3500500,20
3501000,15
3503000,19
3504000,4
3505500,15
3508000,26
3509000,9
3510500,28
3512000,13
3513000,22
3518300,20
3518500,11
3519500,19
3521500,19
3524000,18
3526000,10
3527000,22
3528000,21
3528400,5
3531500,18
3532000,15
3533000,21
3535000,13
3538225,15
3538250,24
3539800,20
3540500,19
3543500,14
3544947,4
3545000,6
3547000,20
3548500,18
3550000,19
3550500,15
3553500,21
3556000,11
3556500,20
3558000,7
3559000,14
3559500,19
3560000,11
3560500,28
3561000,26
3563000,22
3564500,21
3565000,23
3565300,14
3565500,18
3566000,28
3566420,21
3567500,21
3568933,20
3571000,13
3572110,11
3572900,17
3574500,13
3575000,13
3575830,16
3576250,24
3576500,14
3578000,11
3579100,18
3582000,20
3584000,10
3584500,21
3584600,21
3586500,23
3588000,17
3588400,7
3588500,13
3589250,24
3591800,21
3592000,22
3592200,28
3592300,20
3592500,25
3592718,7
3593800,9
3596000,21
3598000,26
3599500,21
3600088,13
3600500,7
3602500,12
3603000,23
3604000,19
3604400,16
3605555,22
3606500,13
3610200,18
3611260,21
3612000,18
4014500,10
4015330,8
4015500,28
4016500,26
4018750,24
4019000,25
4024000,22
4024098,9
4024430,10
4025500,11
4027000,9
4027500,14
4029990,18
4030000,18
4031000,8
4031500,18
4032000,14
4033000,11
4034500,11
4035000,9
4036000,16
4037500,22
4039500,13
4040000,13
4040500,11
4041500,13
4042500,7
4043050,10
4044400,26
4045500,9
4046000,7
4049500,17
4055000,16
4056500,13
4057000,14
4057510,10
4057800,11
4058000,21
4058100,19
4058200,33
4058500,30
4059000,22
4059500,8
4060500,13
4060993,13
4061000,14
4061500,12
4062000,14
4062200,10
4062500,20
4063000,20
4063500,19
4063700,6
4064500,10
4065300,10
4065500,17
4066003,20
4066500,11
4066800,19
4067000,19
4067500,18
4069500,14
4071000,17
4071858,9
4073468,20
4073500,23
4074950,16
4077400,17
4078500,12
4079000,17
4080000,15
4084445,25
4084500,25
4085200,17
4085281,18
4085427,22
4086000,24
4086500,18
4086600,23
4087000,23
4087030,15
4087088,22
4087120,21
4087159,24
4087204,22
4087220,23
4087240,25
4087257,16
4093000,32
4094000,30
4094500,26
4095300,15
4096100,18
4096400,19
4096405,19
4096515,14
4096600,22
4096900,13
4097500,19
4097540,16
4099000,24
4099510,23
4099750,21
4099808,21
4099850,15
4100222,26
4100252,18
4100295,11
4100500,26
4101000,25
4101500,30
4101800,22
4102500,23
4102700,16
4103010,20
4103500,20
4105000,19
4105500,22
4105700,20
4106000,23
4106180,18
4106300,18
4106320,20
4106400,21
4106500,20
4108600,15
4108800,20
4108801,20
4109000,33
4111000,25
4111379,15
4111500,14
4112000,14
4112500,18
4113000,27
4114000,26
4114498,21
4114500,20
4115000,20
4115265,11
4116000,22
4116500,22
4117000,10
4117500,14
4118000,16
4118500,23
4119000,22
4121000,22
4121300,21
4121500,19
4121900,17
4122000,20
4122100,14
4122200,14
4122500,12
4123000,11
4123500,12
4124000,15
4124500,14
4125460,11
4125500,11
4126000,17
4127000,13
4127800,6
4127918,8
4127997,15
4128000,15
4128990,13
4129000,13
4129500,14
4130000,16
4130500,17
4131500,13
4132000,16
4132500,15
4133500,15
4133501,15
4134000,16
4135500,17
4135600,12
4135700,18
4136500,16
4137500,18
4138000,11
4138500,14
4139000,11
4139500,12
4140000,8
4140500,13
4141000,7
4142000,19
4143500,18
4143900,21
4144000,27
4146000,24
4146063,25
4147500,23
4148140,17
4148500,25
4149000,24
4150000,12
4150500,13
4150800,18
4151000,15
4151500,19
4152238,15
4152500,16
4153500,15
4154000,27
4154500,21
4155000,16
4155500,20
4156000,22
4158500,19
4159492,18
4159500,17
4159900,22
4160600,22
4160800,17
4160900,26
4161000,31
4161100,22
4161500,22
4161540,21
4161580,18
4161800,28
4162900,27
4163400,17
4164000,31
4164100,18
4164300,18
4164500,19
4165500,28
4166100,22
4166300,17
4166500,25
4167000,28
4168000,21
4170000,33
4170500,34
4172000,32
4172500,18
4173000,29
4173500,16
4174500,32
4175600,25
4176000,27
4176500,29
4176605,21
4177000,29
4177720,28
4178000,25
4179000,23
4179500,21
4180000,25
4180500,25
4181500,26
4182000,22
4183000,26
4183500,26
4184500,13
4185000,15
4185440,11
4186500,20
4187500,30
4189000,29
4191500,25
4192500,27
4193500,23
4195500,26
4196000,26
4196500,20
4196800,20
4197000,21
4197100,15
4197170,10
4198000,22
4199000,27
4199500,18
4200500,23
4201500,27
4202000,22
4204000,28
4204500,28
4206000,30
4207200,28
4208000,30
4209000,24
4211500,15
4212000,19
4212100,22
4212500,14
4213000,14
4213040,11
4213075,12
4213500,20
4214500,16
4215000,16
4215500,21
4216200,22
4216418,13
4216500,8
4217000,19
4217500,16
4218000,19
4218518,19
4221000,11
4221500,17
4223000,14
4224775,10
4225000,16
4227000,19
4227500,22
4228500,24
4229500,18
4230380,9
4230500,16
4231000,16
4232000,26
4232050,25
423205010,17
4232100,12
4232482,26
4233000,16
4234000,18
4235250,14
4235500,32
4237500,24
4239000,17
4240010,20
4240100,19
4240120,16
4240180,29
4240200,27
4240300,27
4242500,15
4243500,23
4245000,19
4245200,14
4246500,28
4249000,29
4250750,14
4252500,16
4253500,22
4254500,15
4256000,7
4257000,15
4258000,18
4260500,23
4261000,13
4262000,22
4262500,8
4263000,18
4265000,8
4266500,22
4267500,23
4268000,26
4268800,9
4269000,10
4270000,16
4270200,16
4270510,21
4273500,20
4275000,10
4275500,15
4276500,11
4278300,9
4279000,28
4280000,23
4280350,7
4281500,18
4282000,20
4282500,14
4284000,19
4285500,14
4286000,22
4287000,19
4288000,11
4289000,16
4290500,24
4292000,16
4292500,15
4292700,16
4296000,12
4296500,15
5014000,12
5017500,13
5040500,26
5046000,28
5050000,19
5051500,25
5051522,23
5051600,17
5051700,17
5053000,17
5054000,22
5054500,13
5056000,13
5056100,15
5056200,11
5057000,12
5057200,11
5058000,15
5058500,23
5058700,17
5059000,16
5059500,16
5059700,13
5060000,15
5060500,20
5061000,21
5061500,18
5062000,18
5062500,17
5064000,17
5064900,14
5065500,14
5066500,17
5069000,20
5074500,15
5075000,16
5076000,22
5078000,14
5078230,16
5078500,14
5079000,20
5083000,24
5083600,10
5084000,20
5085000,20
5087500,14
5089000,17
5089500,6
5090000,17
5094000,17
5098700,8
5098800,10
5099400,17
5100500,23
5101000,20
5104500,14
5116500,16
5120200,9
5120500,10
5123400,14
5123600,14
5123700,13
5127000,16
5127500,18
5129000,19
5129115,18
5130500,14
5131000,25
5131500,16
5132000,14
5139500,11
5201500,17
5206500,16
5211000,23
5212700,20
5216860,26
5219000,16
5220500,21
5227500,21
5231000,18
5242300,28
5244000,19
5245100,26
5247000,19
5247500,22
5267000,23
5270500,24
5275000,20
5278000,28
5279000,23
5280000,27
5286000,22
5287890,24
5290000,13
5291000,14
5292000,16
5293000,11
5294000,19
5300000,16
5304500,20
5311000,18
5311400,18
5313500,17
5315000,17
5316500,20
5317000,18
5317200,14
5319500,24
5320000,23
5320500,25
5325000,21
5327000,19
5330000,21
5332500,16
5333500,16
5336000,15
5336700,14
5337400,17
5338500,15
5340050,26
5340500,21
5341500,21
5345000,25
5353800,23
5355200,25
5356000,18
5356500,17
5358500,18
5359500,18
5360500,22
5362000,13
5365500,25
5368000,19
5369000,20
5369500,21
5370000,24
5372995,20
5373000,28
5374000,23
5376000,17
5376500,16
5379400,21
5379500,16
5381000,14
5382000,15
5383000,16
5384000,12
5384500,11
5385000,13
5385500,11
5387500,13
5388500,19
5391000,23
5393000,22
5393500,11
5394500,11
5395000,22
5397500,15
5398000,25
5399500,15
5400650,13
5400760,26
5402000,17
5403500,16
5404000,22
5405000,23
5406500,14
5407000,24
5408000,16
5410490,18
5411600,10
5412500,12
5413500,15
5414000,15
5414500,12
5414820,16
5415000,12
5417000,12
5418500,23
5419000,19
5420000,20
5420560,13
5421000,16
5422000,22
5422470,22
5423000,12
5424000,26
5425500,25
5426000,26
5426250,27
5427570,24
5427718,17
5427948,18
5429500,34
5430150,23
5430175,34
5430500,29
54310157,17
5431017,19
5431022,25
5431486,23
5432500,14
5433000,13
5434500,14
5435000,11
5435500,17
5436500,15
5437500,26
5438250,14
5438500,24
5439000,14
5439500,22
5440000,23
5440500,14
5443500,26
5444000,15
5446500,22
5447500,19
5448000,18
5449000,22
5449500,19
5451500,17
5451700,15
5451900,11
5452000,12
5452200,14
5453000,13
5453100,18
5454000,12
5454300,15
5454500,27
5455000,19
5455010,18
5455100,14
5455500,13
5455700,22
5457000,26
5457700,19
5458000,11
5458500,20
5458900,14
5459000,25
5459500,17
5462000,19
5463000,13
5463500,15
5464000,23
5464500,20
5465000,21
5465500,22
5466000,14
5466500,16
5467000,11
5468500,23
5469000,19
5469500,17
5470000,18
5470500,11
5471000,18
5471050,21
5471200,20
5471500,20
5472500,19
5473400,17
5473500,14
5474000,20
5476000,20
5476500,18
5476750,25
5478000,21
5479000,21
5480000,19
5480500,21
5481000,23
5481300,21
5481650,23
5481950,19
5482000,24
5482170,20
5482300,19
5482500,20
5483000,11
5483450,16
5483600,21
5484000,18
5484500,23
5484800,21
5485500,24
5485640,23
5486000,26
5486490,19
5487470,16
5487500,23
5487980,15
5488200,15
5488500,23
5489000,11
5489500,22
5490500,20
5494300,13
5495000,15
5495500,14
5496000,12
5497000,16
5498000,11
5500000,12
5501000,13
5502000,17
5502040,13
5502300,14
5502500,17
5503000,11
5503800,11
5504800,18
5505000,19
5506000,15
5506500,18
5506800,21
5507500,20
5507600,16
5507800,23
5508000,23
5508805,11
5513000,14
5514500,13
5515000,24
5515500,29
5516500,24
5517000,24
5517500,25
5517530,28
5518000,29
5519500,19
5520500,30
5521000,18
5522000,20
5522500,21
5523500,18
5524000,15
5524500,24
5525000,22
5525500,16
5526000,23
5526500,16
5527500,29
5527800,23
5528000,27
5528500,26
5529000,28
5529500,24
5530000,24
5530990,27
5531000,27
5531500,36
5532000,33
5532500,31
5533000,31
5533400,18
5534500,20
5535000,21
5535070,27
5535500,28
5536000,28
5536195,31
5536215,32
5536235,27
5536255,25
5536270,28
5536275,32
5536290,32
5536340,26
5536500,22
5536995,37
5537500,23
5539000,28
5539900,26
5540060,20
5540095,26
5540275,19
5540500,32
5542000,25
5543500,34
5543830,31
5544200,25
5545750,29
5548280,24
5549000,19
5550000,32
5550500,26
5551200,20
5551700,17
5552500,27
5554500,14
5555300,20
5555500,19
5556500,18
5558300,33
5558500,16
5559000,11
5559500,13
5560500,36
5561000,24
5561500,33
5562000,36
5563500,21
5564400,13
5566500,14
5567500,19
5568000,27
5568500,33
5568800,12
5569500,19
5570000,19
5570360,28
5570370,26
5570910,15
5571000,15
5572000,17
5573540,22
5574000,19
5574500,20
5576000,30
5576500,30
5577500,18
5578500,32
5579500,17
5580000,19
5580500,20
5580950,29
5581500,20
5582000,26
5582500,21
5583000,26
5584400,12
5584500,13
5585000,15
5586000,16
5586500,11
5586800,25
5587000,22
5587900,25
5588000,20
5589500,22
5590800,20
5591200,23
5591500,12
5591550,17
5591700,19
5592000,26
5592050,11
5592100,23
5592300,11
5592500,29
5592800,14
5592900,14
5593000,23
5593520,21
5593575,12
5593600,18
5593900,17
5594000,28
5594100,25
5594450,25
5594800,30
5595000,26
5595200,24
5595500,27
5595730,11
5595800,11
5595820,22
5596000,31
5597000,28
5597500,16
5599000,16
5599500,30
5600000,11
6012500,12
6013500,9
6015400,15
6016000,15
6018500,19
6019500,8
6020600,9
6025500,11
6026000,9
6026500,16
6033000,6
6034500,16
6035000,20
6036650,16
6037500,7
6038500,9
6041000,15
6043500,9
6048500,7
6050000,18
6052500,18
6054500,16
6061500,12
6062500,18
6066500,18
6071300,9
6073500,9
6076690,17
6085800,17
6088300,20
6088500,20
6089000,19
6090500,5
6091700,8
6092000,8
6092500,8
6093200,8
6099000,18
6099500,20
6101500,21
6108000,17
6109800,6
6110000,5
6115500,6
6118500,9
6120500,15
6123500,14
6126500,12
6127500,12
6130500,12
6131000,9
6137400,3
6137570,5
6154400,11
6154410,5
6154550,12
6174000,13
6177500,9
6183450,10
6186500,9
6188000,6
6191000,7
6191500,8
6192500,10
6195600,14
6197500,8
6200000,11
6200500,13
6204050,18
6204500,18
6205000,15
6206500,6
6207500,10
6208500,14
6209500,15
6212500,19
6214500,20
6216000,7
6216900,10
6218500,7
6220500,5
6221400,8
6222700,5
6224000,10
6225000,14
6225500,11
6228000,12
6228350,13
6233000,12
6235500,19
6239000,15
6244500,7
6253000,21
6257000,8
6257500,6
6258000,12
6259000,18
6260000,5
6260400,7
6264000,14
6265800,5
6267400,8
6268500,8
6270000,9
6271000,13
6273000,7
6274300,16
6274500,7
6275000,8
6276500,16
6277500,18
6278300,10
6278500,15
6279500,16
6280300,5
6281000,9
6282000,10
6284400,13
6284500,25
6284800,11
6285100,16
6285400,14
6289000,6
6289600,14
6289820,12
6290000,13
6290500,12
6291500,5
6294000,11
6295113,8
6295250,7
6296003,8
6297000,7
6298000,8
6298500,16
6299500,6
6300500,7
6302000,20
6303500,17
6305500,23
6305700,27
6306300,23
6307500,23
6307600,7
6307616,17
6307740,5
6308500,13
6309200,5
6309500,7
6311000,4
6311400,14
6311500,14
6312500,11
6313000,9
6313500,10
6314500,7
6315500,6
6317000,10
6318500,14
6320000,7
6320500,20
6321000,21
6321500,5
6323000,18
6323500,21
6324000,18
6324500,13
6324970,8
6326500,11
6329200,9
6331000,14
6332000,14
6332515,6
6334000,11
6334500,8
6335000,7
6335500,9
6336000,8
6336500,9
6337000,9
6339100,6
6339500,11
6340000,13
6340500,17
6342260,29
6343000,9
6344000,11
6344600,8
6345000,9
6345500,11
6346500,12
6347000,10
6347500,12
6348000,12
6348500,20
6349000,14
6350000,12
6351000,11
6352000,9
6352500,9
6353000,8
6354000,11
6354500,10
6354882,9
6355000,13
6355500,12
6356000,8
6356500,7
6357800,12
6359000,8
6359500,9
6360500,8
6386000,9
6386500,8
6392900,4
6392950,7
6394000,7
6395000,8
6400000,7
6400500,9
6400875,9
6401500,10
6402000,14
6402500,6
6403300,12
6404000,13
6404998,13
6406000,9
6406500,11
6407500,10
6408500,10
6408700,5
6409000,4
6410000,11
6410500,8
6411500,14
6412500,14
6414000,15
6418900,27
6421500,20
6422500,5
6423010,5
6423500,12
6425100,7
6425500,8
6426500,10
6427500,14
6428500,13
6429500,5
6429905,5
6430500,8
6431500,12
6433000,14
6433500,9
6436000,14
6436180,30
6436190,26
6436198,25
6436700,9
6436760,12
6437000,15
6437500,19
6438000,15
6439000,10
6441000,8
6441500,10
6442000,10
6442500,9
6444000,6
6445685,10
6445980,8
6446000,10
6447000,8
6447500,8
6448000,9
6449000,11
6449100,10
6449400,6
6449500,8
6450500,10
6452000,9
6453255,14
6453500,14
6453600,13
6454000,8
6454100,9
6454500,10
6455500,11
6457500,12
6459500,14
6461000,5
6461500,13
6462000,13
6462500,12
6463500,9
6464100,7
6464500,9
6464900,9
6465000,13
6465500,13
6466500,12
6467600,9
6468250,14
6469400,11
6469500,11
6470000,17
6470500,18
6470800,13
6471000,16
6471200,12
6471500,14
6472000,19
6473000,17
6473500,10
6473700,13
6473750,7
6474000,9
6474300,11
6474500,11
6475000,16
6476000,16
6476500,10
6477000,16
6477500,13
6478540,10
6478690,14
6479000,18
6479010,17
6479215,8
6479438,9
6479500,12
6479525,15
6480000,16
6481000,14
6481500,18
6482020,20
6482610,17
6483500,13
6484000,13
6485500,13
6600000,21
6600100,15
6600300,17
6600500,16
6601000,13
6605000,17
6605850,19
6606600,19
6606700,22
6607200,18
6607500,22
6608000,29
6608500,19
6609500,21
6610500,32
6614800,14
6616000,14
6620000,20
6621000,19
6622700,8
6623800,20
6625000,21
6627000,20
6628900,11
6630000,22
6632400,10
6634620,10
6635000,17
6637750,7
6639000,11
6642000,17
6646600,11
6646800,19
6647500,6
6648000,15
6649000,10
6649500,16
6650500,10
6651500,10
6652000,16
6652800,17
6653500,11
6656000,16
6657000,16
6657500,11
6659500,12
6660000,21
6660500,19
6661000,10
6661500,14
6661585,19
6662000,17
6667500,13
6670500,22
6671000,15
6677500,16
6678000,14
6681500,33
6684000,27
6685000,10
6687000,12
6692000,8
6695000,17
6696000,17
6700500,5
6701500,16
6706000,8
6707000,12
6707500,14
6708000,17
6709500,11
6709530,11
6710000,23
6710385,7
6710500,12
6710605,12
6711500,25
6711565,23
6712000,17
6712500,20
6713000,27
6713500,28
6714000,26
6714215,29
6716500,21
6719500,18
6719505,18
6720000,28
6720500,28
6724000,18
6725450,31
6725500,14
6727000,20
6729500,23
6730200,34
6730300,12
6730500,34
6731000,31
6733000,11
6735500,23
6738000,18
6741510,25
6744000,30
6746095,7
6746110,27
6748600,11
6751490,17
6752000,17
6752260,18
6752280,27
6752500,30
6754000,30
6754500,9
6758500,27
6760000,27
6762500,12
6763500,14
6768500,19
6771000,13
6771500,19
6772000,16
6775500,7
6776500,8
6779000,10
6783500,11
6784000,10
6784800,20
6785000,15
6786000,13
6787500,15
6788500,15
6789000,16
6790500,16
6791500,9
6792000,11
6793000,15
6794000,12
6794500,17
6795500,16
6797500,11
6798000,9
6798500,11
6799000,12
6799100,18
6799350,17
6799450,17
6799500,17
6800000,17
6800500,20
6803000,27
6803500,32
6803510,12
6803520,16
6803530,16
6803555,27
6804000,25
6805000,25
6806000,25
6806500,22
6807410,22
6808500,22
6809000,15
6809210,20
6809500,18
6810000,23
6811500,24
6811840,12
6813000,12
6814000,13
6814500,21
6815000,20
6815500,18
6816000,17
6817000,15
6817500,19
6817700,18
6818750,22
6819185,16
6819190,16
6820000,12
6820500,18
6821000,13
6821150,28
6821190,25
6821500,9
6823000,15
6823500,11
6824500,12
6825000,11
6825500,10
6826500,15
6827500,15
6828500,14
6829500,16
6831500,14
6832500,18
6834000,18
6835000,12
6835500,17
6836000,20
6836500,12
6837000,16
6837300,12
6837500,19
6838000,18
6840000,9
6841000,17
6841500,13
6842500,18
6843500,19
6844000,14
6844500,18
6844900,13
6845000,13
6845200,11
6846500,12
6847000,13
6847500,12
6847900,12
6848000,18
6848500,16
6851000,17
6851500,14
6852000,12
6853800,13
6854000,19
6855800,15
6858500,13
6859500,10
6860000,11
6861000,11
6862000,13
6862700,14
6862850,14
6863500,17
6863900,10
6864000,17
6864050,16
6864500,16
6865500,17
6866500,16
6866900,13
6867000,11
6868200,17
6869500,16
6870200,19
6870300,17
6871000,12
6871500,12
6871800,16
6872500,15
6873000,13
6873200,17
6873460,17
6874000,16
6875900,17
6876700,18
6876900,17
6877600,20
6878000,11
6878500,18
6879650,5
6879900,19
6880000,20
6880500,21
6880800,20
6881000,23
6881200,18
6881500,24
6882000,22
6882510,22
6883000,20
6883570,18
6884000,26
6884025,21
6884200,12
6884400,19
6885500,17
6887000,22
6888000,9
6888500,14
6889100,12
6889120,12
6889140,11
6889160,12
6889200,11
6889500,17
6890100,15
6890900,17
6891500,25
6892000,15
6893080,21
6893300,27
6893500,31
6893793,22
6893890,40
6894000,34
6894500,27
6895000,16
6896000,13
6897000,21
6897500,16
6897950,10
6898000,17
6898400,11
6899000,17
6899500,17
6899700,13
6900000,16
6901500,13
6902000,17
6903400,14
6903700,15
6904010,24
6904050,21
6904500,19
6905500,20
6906000,14
6906200,22
6906300,27
6907000,15
6907500,17
6908000,18
6909500,17
6910230,18
6910750,16
6910800,17
6911000,24
6911500,13
6911900,15
6912500,17
6913000,23
6913500,23
6914000,19
6915000,27
6915800,21
6916500,21
6916600,25
6917000,20
6917380,12
6917500,17
6918440,17
6918460,11
6918740,26
6919000,26
6919020,26
6919500,11
6919900,23
6921070,16
6921200,15
6921350,23
6922000,25
6924000,14
6925200,10
6926000,23
6927000,12
6928000,13
6928500,18
6930000,11
6931500,17
6932000,15
6933500,18
6934000,15
7011500,15
7013000,17
7014500,18
7015000,18
7015720,14
7016500,27
7017200,16
7017500,9
7018000,25
7018100,26
7018500,26
7019000,26
7021000,9
7024000,15
7024300,13
7024500,15
7025400,11
7025500,11
7026000,19
7026040,19
7026300,19
7026500,22
7027500,23
7028100,21
7028500,19
7029000,19
7029100,21
7029270,11
7029500,20
7030050,22
7030240,15
7030500,12
7031650,20
7032200,22
7035500,6
7037500,15
7037700,7
7039500,15
7040100,22
7040450,25
7046600,30
7047500,27
7047800,25
7047900,31
7047902,26
7047942,26
7047950,24
7048000,12
7048600,15
7049000,12
7050500,14
7050700,18
7052500,20
7053500,25
7055000,24
7056000,11
7057000,11
7057500,8
7058000,8
7060000,12
7060500,23
7060710,7
7061000,21
7061300,17
7061500,20
7062500,21
7063000,19
7064000,24
7064300,9
7064500,8
7066000,7
7066500,8
7067000,8
7068000,9
7069000,22
7069500,18
7070500,10
7071500,8
7072000,10
7072500,20
7073000,20
7073500,11
7074000,16
7075000,10
7075300,12
7076000,23
7077380,21
7077555,20
7077700,29
7077950,17
7081200,14
7083000,19
7084500,20
7086000,25
7086500,17
7087200,21
7089000,9
7091200,22
7091500,21
7093700,23
7094500,17
7095000,9
7096000,17
7096500,17
7097000,22
7099230,10
7099235,16
7099400,20
7099500,20
7103700,25
7103800,29
7103990,16
7104000,32
7104500,30
7105500,30
7105800,33
7105900,13
7105945,6
7105950,8
7106000,31
7106300,28
7106500,27
7108900,15
7109500,24
7111000,7
7114000,5
7116500,12
7117000,21
7119500,10
7119700,20
7121500,15
7122400,20
7123000,22
7124000,21
7124200,10
7124410,10
7124500,13
7126200,13
7126300,16
7126485,14
7126500,14
7128500,14
7130500,20
7134100,10
7139800,17
7140850,14
7141200,15
7141780,15
7141900,15
7142300,13
7142575,13
7142620,13
7143300,16
7143665,17
7144200,21
7144780,13
7144795,19
7144910,16
7145200,14
7145500,18
7145700,12
7147070,19
7147800,20
7148350,9
7148400,9
7149000,15
7150500,13
7151000,13
7151500,10
7152000,15
7153000,18
7153500,5
7154500,6
7155590,10
7156220,10
7156900,15
7157500,14
7157950,15
7157960,11
7158000,15
7159000,12
7159100,14
7159750,27
7160000,21
7160500,17
7161000,17
7161450,16
7163000,8
7165500,19
7165565,20
7165700,19
7166000,18
7166500,19
7167000,20
7167500,11
7169500,18
7169800,20
7170000,18
7170060,19
7170500,18
7170700,27
7171000,21
7172000,18
7174200,18
7174400,21
7174600,16
7174700,25
7175500,24
7176000,22
7176500,20
7177000,13
7177500,20
7178000,20
7178600,26
7179500,14
7179730,12
7179795,21
7180400,17
7180500,10
7182000,16
7182250,16
7182510,20
7183000,25
7184000,15
7185000,21
7185500,13
7185700,17
7186000,19
7186400,18
7187000,17
7188000,20
7189000,23
7190500,24
7191000,19
7191220,20
7191500,23
7193500,23
7195000,23
7195500,25
7195800,15
7195855,31
7196000,28
7196500,23
7196900,11
7197000,12
7198000,26
7199000,4
7203000,10
7206000,12
7207000,11
7207500,4
7208500,5
7211000,10
7211500,14
7214500,4
7215500,5
7216500,7
7218000,13
7221000,11
7221500,12
7222500,3
7224500,11
7226500,4
7227000,12
7227100,13
7227500,15
7229300,17
7230000,28
7230500,27
7231000,22
7232250,10
7232500,13
7232900,12
7233500,16
7234000,16
7234100,10
7235000,12
7236000,10
7237000,11
7237500,19
7238000,16
7239000,17
7239300,17
7239500,16
7241000,21
7241550,20
7242000,18
7242350,20
7242380,21
7243000,11
7243500,19
7245500,23
7247000,22
7247500,24
7249400,22
7249500,7
7249985,9
7250000,10
7251500,18
7252000,7
7256500,20
7257000,9
7257006,9
7257500,12
7258500,17
7259500,17
7260000,6
7260500,17
7261000,11
7261500,9
7262500,10
7263000,15
7264000,26
7268000,16
7271000,12
7272500,18
7274000,13
7275000,22
7278500,19
7280000,21
7281000,23
7282000,11
7283000,10
7285000,17
7288500,27
7289350,14
7289500,16
7290000,16
7290650,17
7291000,9
7292500,11
7295000,7
7297910,19
7298000,17
7298200,23
7299540,17
7299570,17
7299670,12
7300000,14
7300500,14
7301110,17
7301300,18
7301410,8
7301420,9
7301500,16
7303000,16
7303400,12
7304500,24
7305000,17
7305500,23
7307028,20
7307800,12
7308200,12
7311000,24
7311200,18
7311500,14
7311600,8
7311700,11
7311783,5
7311800,6
7311900,11
7312100,12
7312200,16
7312500,19
7312700,21
7314500,16
7314900,20
7315200,9
7315700,10
7316500,15
7319500,22
7322500,18
7323000,21
7324200,15
7324400,17
7325000,16
7325500,18
7325800,22
7326000,24
7326500,19
7327490,22
7328070,17
7328100,22
7328500,20
7329500,20
7329700,20
7331000,23
7332400,9
7332500,13
7332600,17
7334000,17
7335000,17
7335300,17
7335700,5
7335790,15
7336200,14
7336500,14
7337900,12
7338500,23
7339000,20
7339500,22
7340000,23
7340300,4
7340500,18
7341000,23
7341200,20
7342500,16
7343000,15
7343200,18
7343500,20
7344450,15
7344486,13
7344500,36
7345000,16
7346000,36
7346045,13
7346050,22
7346070,20
7346140,9
7348000,28
7348700,18
7348800,8
7349000,16
7349500,19
7351000,16
7351500,13
7351748,7
7351750,20
7352000,11
7352800,8
7353000,20
7354000,6
7356000,19
7356500,14
7357501,17
7359001,32
7359002,33
7359500,31
7359800,9
7360000,27
7360501,22
7361000,20
7361500,10
7361600,16
7362000,24
7362100,13
7362500,7
7363000,21
7363300,20
7363500,20
7364133,27
7364300,13
7364700,14
7365800,7
7366200,10
7367000,23
7368500,14
7370000,27
7370500,10
7371500,17
7372000,13
7372200,15
7372500,6
7373000,6
7373500,9
7375000,13
7375500,19
7376000,9
7376500,12
7377000,10
7377500,9
7377782,13
7378000,18
7378500,14
7381800,14
7382000,23
7382500,26
7385700,20
7386500,13
8010000,18
8012000,21
8013000,11
8013500,10
8014500,9
8014800,13
8015000,22
8015500,15
8016400,12
8016800,9
8017200,19
8017300,14
8017410,28
8017500,26
8018500,26
8019000,27
8019500,23
8020000,27
8022040,27
8022070,29
8022300,23
8023080,11
8023200,16
8023400,9
8025360,25
8025500,14
8026000,26
8028000,22
8028500,27
8028700,8
8029500,9
8030000,11
8030500,24
8031000,11
8031200,21
8032000,27
8032500,27
8033000,25
8033300,8
8033500,22
8033900,12
8034500,27
8036500,23
8037000,22
8037050,14
8038000,17
8039100,17
8040600,24
8041000,22
8041500,18
8041700,17
8042700,14
8042800,13
8043950,20
8044000,19
8044500,22
8046000,27
8047000,29
8047500,29
8048000,27
8048543,26
8049500,27
8049600,24
8049700,15
8050100,36
8050400,23
8050500,23
8050800,12
8051000,18
8051500,23
8052700,21
8053000,35
8053500,21
8055000,33
8055500,31
8056500,25
8057000,31
8057200,29
8057410,32
8057445,24
8058500,23
8058900,30
8059000,30
8059400,28
8059500,27
8061000,36
8061540,20
8061700,26
8061750,39
8062000,37
8062500,32
8062700,30
8062800,23
8062900,19
8063100,22
8063500,21
8063800,29
8064100,28
8064500,25
8064700,18
8064800,25
8065000,32
8065200,21
8065350,31
8065500,30
8065800,12
8066170,12
8066191,28
8066200,8
8066250,31
8066300,14
8066500,29
8067500,26
8068000,26
8068090,24
8068500,26
8068520,27
8068720,22
8068740,29
8068780,17
8069000,32
8070000,11
8070200,13
8070500,15
8071000,10
8071280,19
8072300,28
8072730,21
8073500,34
8073600,37
8073700,34
8074000,33
8074150,27
8074500,32
8075000,36
8075400,34
8075500,30
8075730,29
8075770,34
8075900,30
8076000,29
8076500,30
8077000,25
8078000,25
8079600,17
8080500,19
8080700,25
8080950,19
8081000,21
8081200,6
8081500,7
8082000,19
8082180,8
8082500,19
8082700,13
8083100,13
8083240,16
8083245,10
8084000,17
8084800,19
8085500,20
8086150,9
8086212,15
8086290,12
8086500,19
8087300,20
8088300,7
8088450,10
8090500,21
8091500,25
8091750,40
8092000,24
8093500,23
8093700,22
8094800,24
8095000,20
8095200,19
8095300,8
8095400,18
8095600,22
8098300,14
8099100,18
8099300,11
8099500,20
8100000,19
8100500,25
8101000,7
8102500,22
8103800,16
8103900,8
8104000,21
8104100,23
8104500,22
8104700,21
8104900,14
8105000,23
8105100,9
8105700,23
8106500,22
8109700,12
8109800,22
8110000,21
8110100,15
8110325,20
8110430,21
8110500,27
8111000,23
8111700,14
8115000,20
8116400,23
8117500,19
8119500,17
8120500,11
8120700,20
8121000,20
8123650,24
8123800,21
8123850,22
8124000,21
8126380,20
8126500,20
8127000,17
8128000,8
8128400,10
8129300,7
8130500,7
8131400,12
8133500,9
8134000,9
8135000,17
8136000,22
8136500,19
8139500,13
8140500,14
8141500,18
8142000,19
8143500,19
8143600,22
8144500,5
8144600,7
8144800,16
8145000,20
8146000,14
8148500,4
8150000,6
8150700,6
8150800,6
8151500,7
8152000,5
8152900,10
8153500,12
8154700,21
8155200,11
8155300,13
8156800,23
8157000,23
8157500,23
8158600,22
8158700,8
8158810,10
8158840,19
8159000,19
8160800,15
8162600,24
8163500,12
8164000,13
8164300,14
8164450,18
8164500,17
8164503,21
8164600,12
8164800,19
8165300,8
8165500,8
8166000,8
8166200,10
8167000,15
8167500,12
8167800,19
8168500,24
8169000,24
8171000,10
8171300,9
8172000,20
8172400,25
8173000,25
8174600,12
8175000,11
8175800,20
8176500,21
8176900,10
8177000,10
8177500,23
8178000,25
8178565,32
8178700,36
8178800,36
8178880,12
8179000,13
8179100,8
8180500,16
8180700,18
8180800,22
8181400,18
8181480,22
8181500,27
8181800,34
8183500,32
8183900,28
8185000,22
8186000,24
8186500,14
8188500,27
8189200,14
8189300,11
8189500,9
8189700,16
8189800,15
8190000,6
8190500,4
8192000,6
8193000,14
8194000,13
8194200,15
8194500,13
8195000,6
8196000,7
8197500,7
8198000,7
8198500,7
8200000,11
8200700,8
8201500,6
8202700,7
8205500,17
8206600,16
8206700,17
8207000,17
8208000,16
8210000,18
8210400,10
8211000,17
8211520,29
8211800,19
8211900,29
8212400,7
8213500,7
8214500,12
8216500,3
8217500,11
8218500,8
8219500,15
8220000,13
8220500,9
8221500,14
8223000,18
8224500,7
8227000,7
8227500,9
8230500,9
8231000,7
8236000,8
8238000,14
8240500,6
8241500,12
8242500,6
8243500,18
8245000,23
8246500,16
8247500,8
8248000,7
8248500,12
8249000,17
8250000,15
8251500,19
8252000,18
8254000,14
8255500,10
8263000,5
8263500,19
8265000,10
8266000,7
8266820,20
8267000,20
8267500,5
8268500,9
8268700,21
8269000,6
8271000,4
8275300,14
8275500,6
8275600,5
8276300,20
8276500,20
8279000,10
8279500,19
8281100,18
8284100,15
8284200,9
8285500,18
8286500,16
8287000,16
8289000,6
8290000,15
8291000,4
8294210,6
8313000,21
8314500,20
8316000,8
8317200,17
8317400,20
8317950,13
8318000,12
8319000,20
8321500,8
8323000,7
8324000,7
8329000,13
8329500,19
8330000,21
8332010,21
8334000,6
8340500,7
8341500,6
8343000,15
8343100,5
8351500,11
8352500,11
8353000,10
8354000,4
8365600,22
8377900,3
8378500,5
8379500,6
8380500,3
8382500,10
8382600,9
8382650,9
8382730,4
8382830,9
8383000,13
8383500,12
8384500,12
8386000,11
8387000,17
8387600,4
8390500,11
8390800,16
8394500,5
8395500,14
8396500,18
8398500,9
8400000,6
8401200,6
8401900,4
8405150,9
8405500,5
8408500,5
8431700,3
8477000,7
8477110,7
8481500,4
9010500,11
9011000,10
9016500,8
9019000,15
9021000,17
9022000,13
9024000,14
9025000,11
9025400,15
9026500,9
9032000,12
9032100,5
9034250,26
9034500,25
9034900,5
9035500,11
9035700,10
9035800,5
9035900,4
9036000,8
9037500,19
9038500,23
9039000,15
9040000,5
9041000,15
9046490,20
9046600,17
9047500,7
9047700,4
9050100,14
9050700,26
9051050,12
9052000,5
9052400,7
9052800,6
9053500,22
9054000,7
9055300,8
9057500,22
9058000,22
9058500,9
9058610,7
9058700,6
9058800,7
9059500,7
9060500,7
9063000,21
9063200,6
9063400,6
9063900,12
9064000,24
9064500,23
9065100,23
9065500,21
9066000,21
9066100,6
9066150,9
9066200,7
9066300,6
9066400,10
9067000,13
9068000,9
9070000,21
9070500,19
9071300,14
9073300,15
9073400,15
9074000,9
9074800,6
9075700,7
9078000,11
9078500,10
9078600,11
9080400,18
9081600,6
9085000,17
9085100,24
9089500,8
9092500,6
9093000,11
9093700,19
9095500,18
9096500,21
9105000,22
9107000,8
9109000,12
9110000,13
9112200,16
9112500,14
9114500,16
9115500,11
9118450,12
9119000,13
9124500,7
9125000,6
9126000,17
9128000,17
9128500,10
9132500,15
9134000,20
9135900,24
9136200,18
9143000,18
9143500,19
9144200,23
9144250,20
9146200,19
9147000,10
9147500,18
9149500,25
9152000,20
9152500,21
9163500,21
9165000,5
9166500,10
9166950,19
9168100,17
9169500,16
9171100,16
9172500,10
9173000,8
9175500,17
9177000,18
9180000,15
9182000,3
9183000,4
9183500,6
9184000,5
9185500,5
9186500,6
9188500,12
9189500,10
9193000,17
9196500,12
9198500,13
9199500,12
9201000,18
9202000,21
9203000,10
9204000,9
9205000,16
9205500,9
9208000,7
9209400,15
9210500,7
9211200,16
9212500,9
9214000,10
9214500,8
9216000,14
9216050,14
9217000,17
9217900,8
9218500,15
9220000,19
9220500,6
9222000,18
9223000,5
9223500,17
9224700,18
9226000,9
9226500,8
9228500,8
9229500,8
9234500,18
9235600,6
9235800,15
9236000,21
9237500,20
9238900,19
9239500,17
9241000,17
9243700,7
9243800,7
9243900,11
9244410,21
9245000,7
9247600,20
9250000,10
9251000,19
9253000,8
9255000,7
9256000,10
9257000,10
9258000,8
9260000,9
9260050,14
9261700,17
9262000,23
9266500,8
9268000,13
9268500,4
9268900,6
9270500,11
9271500,18
9275000,6
9275500,6
9276000,8
9277500,9
9277800,17
9278000,5
9278500,16
9279000,16
9279100,15
9279150,14
9279500,15
9280400,8
9285000,23
9287000,20
9287500,6
9288000,16
9288150,5
9288180,18
9288900,5
9289500,6
9291000,12
9292500,9
9295000,18
9297000,11
9298000,5
9299500,12
9302000,19
9302450,5
9303000,9
9303300,8
9303500,9
9304000,10
9304200,13
9304500,13
9304800,13
9306007,10
9306200,8
9306222,8
9306242,6
9306255,5
9306290,12
9306500,11
9307500,3
9308500,5
9310000,16
9310500,9
9310700,6
9311500,15
9312600,6
9312700,6
9312800,6
9313000,18
9314500,14
9315500,5
9318000,18
9324500,17
9326500,10
9328000,19
9328500,17
9329050,6
9330000,15
9330230,14
9330500,15
9333500,12
9334000,5
9334500,4
9337000,9
9337500,11
9338000,8
9339900,6
9340000,6
9342500,9
9343000,6
9343300,7
9344000,6
9344400,7
9345200,9
9346000,11
9346400,13
9349500,10
9349800,14
9352900,8
9353500,12
9354500,14
9355000,24
9355500,19
9357500,5
9361000,5
9361500,11
9363100,14
9363200,20
9363500,18
9364500,21
9365000,23
9365500,11
9366500,14
9367500,14
9368000,17
9371000,14
9371010,16
9372000,22
9378170,3
9378630,5
9378700,6
9379200,7
9382000,5
9383400,6
9384000,8
9386030,10
9386500,8
9386900,7
9386950,5
9388000,8
9390500,11
9392000,11
9393500,16
9394500,11
9397000,10
9397500,14
9398000,11
9398500,16
9399000,12
9401260,3
9403000,3
9403600,4
9404450,7
9405500,10
9405501,10
9406000,9
9406300,7
9408000,5
9408150,13
9408400,5
9409880,14
9410000,16
9410100,15
9413000,16
9413200,16
9413500,15
9415000,13
9416000,7
9418200,17
9418300,6
9418500,9
9419000,8
9419610,7
9419700,21
9419800,21
9424450,11
9424900,3
9426000,11
9430500,5
9430600,2
9431500,7
9432000,8
9442000,9
9442680,5
9442692,3
9443000,4
9444000,4
9444200,3
9444500,5
9447000,6
9447800,5
9448500,8
9457000,6
9466500,12
9468500,9
9469500,12
9470000,15
9473000,5
9480000,6
9481500,4
9483000,24
9484000,7
9484600,6
9485000,5
9485850,11
9488500,6
9489100,11
9489200,9
9489500,11
9489700,5
9490500,8
9491000,7
9494000,7
9496000,4
9496500,4
9497500,8
9497800,3
9497980,3
9498400,21
9498500,11
9499000,3
9502000,12
9502800,4
9503700,9
9504000,9
9504420,6
9504500,6
9505200,3
9505250,3
9505300,4
9505350,4
9505800,5
9507980,8
9508300,2
9508500,10
9510000,10
9510100,7
9510200,7
9511300,10
9512200,12
9512280,7
9512400,23
9512500,11
9512800,9
9513780,6
9513800,7
9513835,20
9513860,11
9515500,6
9517490,16
9535100,6
9537200,5
9537500,6
10011200,12
10011500,13
10015700,22
10015900,25
10017000,10
10020100,21
10020300,21
10021000,17
10023000,7
10026500,21
10032000,7
10038000,18
10039500,18
10041000,6
10046500,19
10047500,17
10058600,7
10068500,19
10079500,22
10092700,19
10093000,8
10102250,21
10104700,9
10104900,7
10106000,20
10107500,21
10108000,9
10109000,9
10109001,9
10113500,9
10118000,23
10119000,18
10125500,18
10126000,22
10128500,13
10129300,15
10129500,17
10130500,21
10131000,10
10132000,20
10132500,18
10134500,24
10135000,7
10136500,19
10137500,19
10139300,16
10141000,25
10143500,8
10146000,6
10146400,11
10148200,6
10148500,7
10149500,6
10150500,8
10152000,9
10152500,18
10153800,8
10154200,12
10155000,13
10159500,22
10163000,20
10164500,16
10166430,7
10168500,18
10171000,30
10172200,8
10172700,4
10172800,5
10172870,4
10172952,4
10173450,8
10174500,8
10180000,11
10183500,11
10183900,6
10189000,12
10191500,12
10194000,12
10194200,7
10205000,14
10206000,8
10206001,14
10208500,6
10210000,7
10215700,11
10215900,7
10216400,7
10217000,15
10219000,16
10219200,7
10224000,15
10224100,6
10232500,5
10234500,14
10237000,16
10239000,15
10241400,6
10241470,5
10241600,5
10242000,5
10243700,4
10244950,5
10245800,4
10245900,2
10245910,3
10246846,3
10249280,9
10249300,2
10249900,4
10250800,6
10251300,8
10252550,5
10255700,9
10255800,8
10255810,7
10255850,8
10256000,9
10256500,7
10257550,13
10257600,5
10257720,8
10258000,6
10258500,7
10259000,6
10259200,7
10260500,19
10260950,23
10261000,23
10261100,24
10263500,9
10264000,8
10264600,10
10264750,10
10265150,14
10270800,19
10270872,18
10271210,14
10276000,11
10276001,11
10277500,15
10281800,6
10286000,7
10286001,7
10287070,10
10287290,20
10287300,20
10287400,18
10287900,17
10289000,10
10289500,10
10290500,11
10291500,4
10292000,6
10293000,12
10293500,12
10295500,9
10296000,8
10296500,8
10297500,15
10300000,14
10308200,8
10308201,8
10308800,5
10309000,8
10309101,16
10310000,6
10310400,15
10310500,10
10311000,19
10311100,7
10311200,9
10311300,21
10311400,19
10312000,19
10312150,18
10312275,22
10315500,5
10316500,5
10317500,9
10318500,10
10320000,12
10321000,10
10322500,10
10323500,8
10324500,10
10325500,2
10329000,11
10329500,5
10336600,7
10336610,11
10336626,12
10336645,8
10336660,6
10336676,7
10336698,14
10336700,9
10336715,32
10336730,12
10336740,8
10336780,8
10337500,28
10338000,27
10338001,27
10338500,25
10339400,24
10340500,24
10342000,9
10343000,21
10343500,6
10344400,22
10344500,24
10346000,26
10346001,26
10348000,25
10348200,25
10348460,16
10348850,5
10348900,6
10349300,15
10350000,33
10350400,28
10351600,28
10351650,27
10351700,26
10351701,26
10352500,5
10353000,10
10353600,5
10353700,6
10353750,5
10353770,5
10356500,16
10358500,15
10359300,10
10360900,5
10370000,11
10371000,8
10371500,12
10378500,12
10384000,8
10388000,23
10393500,10
10396000,5
10397000,5
10403000,8
10406500,7
11012000,15
11014000,11
11015000,12
11015001,12
11022200,16
11022480,27
11022500,27
11023000,28
11023330,19
11023340,20
11025500,21
11026000,20
11027000,9
11028500,19
11031500,8
11033000,9
11040000,14
11041000,22
11042000,23
11042400,10
11043000,31
11044000,26
11044500,26
11046000,30
11046100,10
11046250,9
11046300,9
11046500,22
11046530,23
11047000,18
11047300,35
11047500,20
11048500,32
11051500,15
11051501,15
11054000,17
11054001,17
11055500,11
11055800,5
11055801,5
11056500,8
11057000,18
11057500,18
11058500,15
11058600,10
11059300,30
11060400,23
11062000,11
11062001,11
11063000,10
11063500,7
11063510,8
11063680,12
11065000,21
11066460,29
11066500,32
11067000,5
11067001,5
11069500,16
11069501,16
11070000,9
11070375,25
11070500,26
11073000,7
11073001,7
11073360,29
11073470,4
11073495,30
11074000,32
11075720,26
11075800,12
11077500,28
11080500,10
11082000,14
11084500,13
11085000,19
11086300,16
11086500,13
11087020,30
11087500,34
11088000,33
11088500,23
11089000,24
11089500,34
11090200,35
11092450,41
11093000,18
11094000,9
11095500,14
11096500,12
11097000,18
11097500,34
11098000,10
11098500,32
11100000,9
11101250,32
11101500,32
11102000,35
11102300,37
11102500,36
11103000,35
11103500,31
11104000,16
11105500,34
11105850,23
11106550,30
11107745,13
11108145,30
11108500,31
11109600,17
11109800,20
11110500,7
11111500,8
11113000,7
11113001,7
11113500,9
11114000,24
11114500,7
11115500,14
11116000,8
11116550,13
11117500,21
11117600,7
11117800,9
11118000,29
11118500,27
11118501,27
11119500,9
11119750,31
11119780,16
11119940,15
11120000,19
11120500,12
11120510,26
11120550,9
11123000,12
11123500,12
11124500,6
11126000,17
11126500,8
11128250,13
11128500,19
11129800,12
11130500,19
11131500,18
11132500,8
11133000,17
11134000,17
11134500,17
11134800,9
11135800,13
11136100,12
11136800,9
11137900,7
11138100,14
11138500,6
11139000,6
11139500,10
11140000,8
11141000,14
11141050,12
11141150,7
11141280,6
11141500,21
11142500,5
11143000,7
11143200,14
11143250,15
11143500,7
11144000,7
11145000,13
11147000,7
11147070,12
11147500,16
11148500,9
11148900,13
11149400,20
11149900,13
11150500,19
11151300,10
11151700,17
11151870,7
11152000,7
11152300,18
11152500,17
11152540,12
11152600,11
11152900,7
11153000,17
11153500,12
11153700,19
11153900,8
11154100,11
11154200,22
11156500,15
11157500,9
11158500,13
11158600,13
11159000,18
11159200,17
11160000,12
11160020,9
11160300,13
11160500,23
11161000,23
11161300,15
11162500,17
11162570,10
11162630,19
11162720,17
11162800,24
11164500,27
11166000,21
11169000,31
11169500,10
11169800,10
11170000,20
11172100,17
11173200,11
11176000,15
11176200,23
11176400,8
11176500,18
11176600,20
11176900,28
11177000,28
11179000,28
11180500,11
11180700,27
11180825,14
11180960,11
11181000,25
11181008,31
11181040,27
11181390,29
11182100,11
11182500,12
11183000,24
11183600,28
11186000,11
11187000,11
11189500,8
11191000,11
11192500,17
11192501,17
11194000,17
11195500,11
11196400,9
11196420,24
11197250,11
11197800,9
11199500,9
11200800,8
11202000,12
11202001,12
11203220,11
11203221,11
11204500,15
11204900,15
11206500,10
11206501,10
11208000,10
11208001,10
11208730,10
11208731,10
11209900,10
11210100,9
11210950,17
11211300,12
11213500,13
11214000,12
11214600,15
11215000,25
11216200,25
11216400,11
11216500,25
11218400,23
11218500,21
11218501,21
11220000,10
11220500,11
11221500,22
11221700,12
11224500,10
11226500,12
11230000,17
11230200,12
11230215,17
11230500,14
11230530,14
11231500,24
11231600,24
11234760,21
11237500,12
11237700,13
11238500,25
11238600,21
11241500,23
11242000,22
11242400,10
11244000,22
11246500,20
11247000,22
11251000,22
11253310,9
11257100,9
11257500,14
11258000,22
11258900,9
11259000,21
11260480,15
11262900,24
11264500,9
11266500,9
11268000,9
11268001,9
11269300,4
11269700,20
11270900,20
11271320,13
11272500,22
11274000,30
11274500,19
11274630,10
11275000,8
11276500,9
11276600,9
11276900,10
11277300,20
11278000,12
11278300,20
11278400,20
11281000,5
11282000,7
11283500,7
11284400,14
11284700,8
11288000,17
11289650,21
11289651,21
11290000,25
11292000,12
11292500,5
11292700,14
11292900,16
11293500,23
11293600,23
11294000,22
11294500,22
11295400,19
11295401,19
11296500,12
11298000,15
11299200,22
11299600,4
11302000,22
11303000,26
11303500,33
11306000,18
11308000,11
11308900,22
11312000,21
11314500,12
11315000,5
11316000,25
11316600,18
11316800,7
11317000,13
11318500,14
11319500,19
11323500,26
11325500,28
11327000,18
11329500,23
11333000,26
11333500,22
11334300,19
11335000,22
11336000,26
11336580,25
11337500,10
11339500,18
11340500,22
11341400,13
11342000,18
11345500,14
11348500,15
11352000,16
11355010,16
11355500,8
11360500,8
11362500,16
11363000,16
11363930,32
11365000,17
11367500,9
11367800,17
11368000,15
11370500,17
11371000,8
11372000,21
11374000,13
11375700,16
11376000,13
11376025,11
11376550,15
11377100,20
11378800,9
11379000,8
11379500,23
11380500,23
11381500,6
11382000,10
11383500,9
11383730,25
11383800,21
11384000,9
11388000,21
11388500,22
11389000,19
11389500,19
11390000,27
11390500,21
11390672,10
11391000,21
11391400,10
11391500,13
11392500,17
11394500,15
11395030,27
11395200,27
11396000,32
11396200,29
11396350,31
11396400,11
11399500,20
11400500,9
11401112,21
11402000,14
11403000,15
11403200,18
11403800,17
11404300,17
11404330,17
11405300,18
11406999,23
11407300,27
11407500,18
11407900,24
11408550,24
11408850,19
11408880,19
11409000,20
11409001,20
11409300,10
11409400,12
11409500,13
11413000,13
11413300,16
11413399,16
11413520,21
11414000,14
11414100,19
11414250,19
11416500,26
11417000,22
11417500,21
11418000,23
11418500,29
11421000,26
11421770,31
11421790,31
11422500,31
11424000,34
11425000,29
11426150,7
11426200,16
11426400,14
11427000,19
11427500,24
11427700,7
11427750,7
11427760,22
11427770,23
11428000,11
11428800,21
11429500,31
11430000,27
11431800,8
11433040,27
11433100,8
11433200,23
11433260,12
11433300,23
11433500,22
11435100,19
11436000,11
11439500,17
11439501,17
11440000,7
11441002,21
11441500,24
11441900,23
11442700,10
11443500,21
11444201,10
11444500,21
11445500,21
11446500,29
11447360,23
11448500,8
11449100,9
11449500,10
11451000,22
11451100,6
11451300,14
11451500,21
11451720,12
11452000,22
11452500,25
11453500,16
11454000,23
11456000,19
11458000,20
11458500,19
11459500,25
11460000,24
11460400,32
11460600,28
11460750,21
11460800,20
11461000,17
11461500,18
11461501,18
11462000,25
11462500,25
11463000,22
11463170,7
11463900,16
11464000,22
11464500,10
11465000,23
11465200,23
11467000,26
11467500,14
11467600,7
11468000,7
11468500,9
11469000,6
11470500,13
11471500,13
11472150,11
11472200,22
11472900,10
11473900,10
11474500,5
11475000,13
11475500,8
11475560,4
11475800,12
11476500,10
11476600,7
11477000,13
11478500,6
11480390,6
11480410,19
11480500,17
11481000,15
11481200,7
11481500,7
11482500,7
11489500,8
11493500,12
11497500,13
11501000,13
11502500,14
11516900,9
11517500,15
11519500,11
11521500,9
11522500,7
11523200,5
11525500,20
11525600,7
11526500,5
11527000,17
11528500,11
11528700,9
11530000,16
11532500,5
12010000,6
12011500,6
12013500,6
12017000,6
12020000,9
12025000,9
12025700,10
12026150,13
12026400,13
12027500,22
12030000,5
12031000,21
12032500,10
12035000,9
12035400,23
12035450,9
12036000,21
12037400,17
12039000,5
12039300,2
12039500,6
12040500,6
12041200,6
12041500,5
12043000,4
12043300,7
12045500,7
12048000,4
12050500,8
12054000,5
12056500,4
12057500,22
12059500,23
12060500,11
12061500,10
12065500,9
12068500,9
12069550,18
12070000,11
12073500,11
12076500,11
12079000,12
12080010,16
12081000,22
12082500,9
12083000,12
12086500,17
12087000,10
12088000,15
12089500,18
12090500,21
12091100,23
12091200,20
12091300,19
12091500,27
12092000,9
12093500,12
12094000,8
12095000,10
12097000,9
12097500,11
12098500,11
12099600,24
12100000,18
12100500,22
12101500,27
12104000,12
12104500,9
12105000,12
12105710,14
12105900,21
12106700,21
12108500,14
12112600,22
12113000,24
12113350,27
12114000,12
12114500,11
12115000,9
12115500,11
12115700,13
12116500,20
12117000,12
12117500,20
12118500,17
12119000,20
12120000,21
12120500,21
12120600,15
12121600,16
12124000,19
12125200,22
12126000,18
12127100,19
12133000,11
12134500,11
12135000,9
12137500,21
12137800,21
12138160,23
12141000,17
12141300,10
12142000,11
12143400,10
12143600,11
12143900,20
12144000,13
12144500,12
12145500,13
12147000,15
12147500,11
12147600,7
12148000,17
12148300,27
12148500,25
12149000,20
12150800,19
12153000,15
12157000,22
12161000,12
12167000,11
12168500,10
12175500,6
12177500,6
12178100,4
12181100,12
12181200,5
12182500,6
12186000,8
12189500,10
12193500,21
12194000,16
12196000,3
12200500,16
12201500,14
12205000,8
12209000,5
12209500,8
12210500,10
12213100,13
12301300,10
12302055,9
12303100,6
12305000,16
12305500,3
12311000,10
12323250,29
12323750,20
12323770,14
12324200,18
12324590,9
12324680,20
12325500,19
12329500,15
12330000,8
12332000,7
12334510,10
12334550,14
12335500,10
12340000,12
12340500,18
12342500,10
12343400,9
12344000,10
12346500,6
12347500,10
12353000,17
12354000,4
12354500,14
12358500,7
12361000,4
12362500,16
12363000,14
12365000,8
12366000,16
12369200,12
12370000,10
12372000,17
12374250,8
12375900,15
12377150,11
12383500,8
12388400,5
12388700,17
12389500,8
12390700,5
12392300,5
12394000,15
12395000,13
12396000,11
12396900,5
12397100,8
12398000,12
12408500,4
12409000,10
12411000,4
12413000,4
12413140,3
12413150,18
12413470,18
12413500,13
12414500,4
12414900,5
12416000,7
12419000,21
12419500,18
12422500,20
12424000,11
12431000,14
12433000,18
12433200,10
12433542,7
12439300,6
12447390,5
12448998,6
12449500,8
12449950,8
12451000,5
12452500,12
12452800,6
12454000,5
12457000,7
12458000,7
12459000,8
12462500,9
12465000,11
12465500,12
12467000,15
12474500,21
12476000,18
12479000,14
12479500,18
12483800,9
12484500,23
12488000,15
12488500,7
12491500,15
12492500,16
12494000,14
12500450,22
12500500,9
12501000,9
12502500,14
12505000,21
12508990,22
12510500,21
12513000,16
13010065,6
13011000,8
13011500,5
13011900,6
13018300,3
13018750,10
13022500,10
13023000,5
13025000,5
13027500,19
13032500,16
13037500,16
13038500,16
13039500,17
13042500,16
13046000,16
13046680,4
13047500,8
13049500,16
13050500,17
13052200,14
13055000,14
13055198,14
13056500,22
13057155,20
13057940,13
13058000,18
13060000,22
13062500,25
13066000,13
13068500,14
13068501,14
13069500,23
13073000,16
13075000,16
13075500,16
13075983,15
13077000,23
13077700,5
13078000,12
13079000,5
13081500,21
13082500,7
13083000,8
13092000,9
13105000,8
13108150,13
13112000,12
13113000,7
13113500,7
13114000,11
13116000,6
13116500,6
13118700,7
13119000,9
13120000,6
13120500,5
13127000,8
13132500,10
13132520,10
13132535,10
13135500,7
13139500,10
13141000,11
13141500,11
13142500,16
13147900,7
13148500,14
13152500,22
13153500,21
13159800,12
13161500,6
13167500,7
13168500,7
13169500,5
13174500,16
13176000,14
13177800,14
13181000,13
13183000,12
13185000,5
13186000,5
13190500,10
13196500,7
13200000,5
13200500,9
13202000,9
13205500,14
13206000,20
13212500,25
13213000,24
13214000,13
13215000,13
13216500,6
13217500,11
13220000,12
13226500,10
13235000,5
13236500,13
13238000,7
13239000,13
13240000,10
13242500,17
13245000,17
13246000,18
13247500,13
13249500,16
13250600,9
13251000,17
13251500,8
13254500,13
13258500,9
13261000,6
13264500,13
13265500,10
13266000,14
13273000,15
13274200,13
13275000,13
13275300,14
13277000,19
13286700,22
13288200,11
13290190,12
13292000,8
13295000,7
13296500,17
13297330,13
13297350,27
13297355,24
13298500,17
13302500,15
13305000,10
13306500,10
13307000,14
13308500,6
13310700,6
13313000,5
13316500,12
13317000,11
13320000,11
13323500,18
13324300,15
13327500,16
13329500,4
13330000,9
13331500,7
13332500,16
13333000,15
13334700,5
13336500,3
13337000,5
13337500,5
13338500,6
13339500,6
13340000,6
13340500,2
13340600,2
13341050,10
13342450,16
13342500,12
13344500,8
13345000,6
13346800,12
13348000,10
13349210,12
13351000,11
14010000,7
14010800,9
14011000,9
14013000,6
14013500,9
14015000,13
14017000,9
14018500,16
14020000,7
14020300,8
14021000,10
14022200,9
14022500,8
14023500,13
14025000,10
14026000,15
14032000,7
14033500,19
14034470,9
14034480,8
14034500,19
14034800,9
14037500,9
14038530,9
14040500,10
14042000,10
14042500,10
14044000,9
14046000,10
14046500,10
14048000,10
14050000,13
14051000,10
14052000,11
14053000,8
14054000,16
14054500,9
14055500,15
14056500,17
14057500,9
14060000,25
14063000,18
14064500,21
14070500,21
14073001,19
14075000,8
14076500,20
14078000,9
14080500,13
14087400,14
14088000,26
14090350,7
14090400,7
14091500,14
14092500,19
14092750,8
14092885,8
14095500,7
14096300,12
14096850,8
14097100,9
14101500,17
14103000,16
14107000,10
14110000,11
14112500,10
14113000,13
14113200,11
14118500,11
14120000,19
14121300,6
14123500,12
14125500,9
14127000,6
14128500,7
14134000,10
14137000,9
14138800,8
14138850,21
14138870,8
14138900,10
14139700,7
14139800,7
14140000,22
14140001,22
14141500,12
14142500,17
14143500,14
14144800,6
14144900,7
14145500,17
14146500,11
14147500,11
14148000,15
14150000,18
14150300,7
14150800,8
14151000,20
14152000,18
14152500,8
14153500,15
14154500,7
14155500,13
14156500,9
14157500,19
14158500,10
14158790,6
14158850,12
14159000,14
14159200,15
14159500,21
14161100,7
14161500,8
14162200,21
14162500,17
14163000,8
14165000,10
14165500,22
14166000,23
14166500,14
14167000,13
14169000,20
14169001,28
14170000,20
14171000,17
14172000,9
14173500,19
14174000,26
14178000,9
14179000,10
14181500,19
14182500,11
14183000,19
14185000,10
14185900,9
14187000,8
14187200,20
14187500,22
14188800,12
14189000,24
14189500,12
14190000,14
14190500,14
14190700,24
14191000,25
14192000,25
14192500,11
14193000,12
14194000,16
14194300,10
14196000,25
14196001,25
14197000,21
14198000,28
14198500,8
14200000,13
14201500,21
14202000,25
14202980,29
14203000,29
14203500,27
14207500,29
14208000,9
14208700,27
14209000,21
14209500,17
14210000,18
14211000,19
14211500,19
14211720,25
14212000,14
14216500,6
14219800,9
14220500,23
14222500,11
14223500,12
14225500,13
14226500,11
14232500,7
14233500,11
14235500,9
14236200,8
14237000,9
14237500,6
14238000,19
14242500,23
14242580,24
14243000,20
14243500,9
14245000,11
14247500,9
14249000,9
14250500,7
14301000,12
14301500,9
14302900,32
14303200,12
14303600,18
14305500,11
14306100,10
14306340,11
14306400,10
14306500,10
14307580,11
14307620,12
14307700,8
14308000,7
14308500,6
14308990,6
14309000,18
14309500,7
14310000,16
14311000,8
14311500,15
14312000,15
14312500,13
14313500,9
14314500,10
14314501,18
14316000,10
14316001,11
14316500,17
14316700,7
14318000,13
14319500,17
14320700,10
14321000,17
14324500,7
14324580,31
14325000,9
14328000,8
14330000,10
14332000,8
14332001,8
14333500,6
14334700,13
14335500,18
14337500,21
14337600,20
14337800,17
14337870,9
14338000,17
14339000,19
14341500,8
14342500,22
14343000,19
14350000,21
14357500,30
14359000,27
14361500,26
14362000,19
14362250,10
14366000,19
14369500,18
14371500,11
14372300,23
14372500,7
14375100,9
14375500,5
14377100,12
14378200,9
14400000,6
